PHRASE,TOTAL,aljazeera,alternet,americanconservative,americanspectator,ap,atlantic,bbc,breitbart,buzzfeed,cbs,cnn,commondreams,conversation,counterpunch,dailycaller,dailykos,dailymail,dailywire,economist,federalist,fox,guardian,huffingtonpost,infowars,intercept,jacobinmag,motherjones,nationalreview,nbc,npr,nypost,nytimes,pbs,pjmedia,rawstory,redstate,rt,slate,spectator,townhall,truthdig,usatoday,vice,vox,wapo,wsj,Unnamed: 0,COUNT,ON_TOPIC,UNIQUE,SPECIFIC,bias_score,calculated_bias
A federal,0.0,,,,,,,,,,,,,,,,,,,,,,,,,,,,,,,,,,,,,,,,,,,,,,,772,434,0,0.0,0.0,,Neutral
ADVERTISEMENT The,0.0,,,,,,,,,,,,,,,,,,,,,,,,,,,,,,,,,,,,,,,,,,,,,,,690,145,0,0.0,0.0,,Neutral
Affordable Care Act,0.0,,,,,,,,,,,,,,,,,,,,,,,,,,,,,,,,,,,,,,,,,,,,,,,531,250,0,0.0,0.0,,Neutral
Aid Access,0.0,,,,,,,,,,,,,,,,,,,,,,,,,,,,,,,,,,,,,,,,,,,,,,,338,219,0,0.0,0.0,,Neutral
Amy Coney Barrett,0.0,,,,,,,,,,,,,,,,,,,,,,,,,,,,,,,,,,,,,,,,,,,,,,,89,63,1,1.0,0.0,,Neutral
Attorney General,0.0,,,,,,,,,,,,,,,,,,,,,,,,,,,,,,,,,,,,,,,,,,,,,,,575,532,0,0.0,0.0,,Neutral
Biden administration,0.0,,,,,,,,,,,,,,,,,,,,,,,,,,,,,,,,,,,,,,,,,,,,,,,568,16,0,0.0,0.0,,Neutral
Biden has,0.0,,,,,,,,,,,,,,,,,,,,,,,,,,,,,,,,,,,,,,,,,,,,,,,701,161,0,0.0,0.0,,Neutral
Biden will,0.0,,,,,,,,,,,,,,,,,,,,,,,,,,,,,,,,,,,,,,,,,,,,,,,885,29,0,0.0,0.0,,Neutral
Born Alive,0.0,,,,,,,,,,,,,,,,,,,,,,,,,,,,,,,,,,,,,,,,,,,,,,,115,407,1,1.0,0.0,,Neutral
Buenos Aires,0.0,,,,,,,,,,,,,,,,,,,,,,,,,,,,,,,,,,,,,,,,,,,,,,,416,50,0,0.0,0.0,,Neutral
Catholic Church,0.0,,,,,,,,,,,,,,,,,,,,,,,,,,,,,,,,,,,,,,,,,,,,,,,90,242,1,1.0,0.0,,Neutral
Catholic country,0.0,,,,,,,,,,,,,,,,,,,,,,,,,,,,,,,,,,,,,,,,,,,,,,,430,43,0,0.0,0.0,,Neutral
Center for Reproductive,0.0,,,,,,,,,,,,,,,,,,,,,,,,,,,,,,,,,,,,,,,,,,,,,,,107,711,1,1.0,0.0,,Neutral
Chief Justice,0.0,,,,,,,,,,,,,,,,,,,,,,,,,,,,,,,,,,,,,,,,,,,,,,,85,616,1,1.0,0.0,,Neutral
Chief Justice Roberts,0.0,,,,,,,,,,,,,,,,,,,,,,,,,,,,,,,,,,,,,,,,,,,,,,,468,118,0,0.0,0.0,,Neutral
Church has,0.0,,,,,,,,,,,,,,,,,,,,,,,,,,,,,,,,,,,,,,,,,,,,,,,895,27,0,0.0,0.0,,Neutral
Constitutional Court,0.0,,,,,,,,,,,,,,,,,,,,,,,,,,,,,,,,,,,,,,,,,,,,,,,88,35,1,1.0,0.0,,Neutral
Democratic Party,0.0,,,,,,,,,,,,,,,,,,,,,,,,,,,,,,,,,,,,,,,,,,,,,,,414,455,0,0.0,0.0,,Neutral
Democratic presidential,0.0,,,,,,,,,,,,,,,,,,,,,,,,,,,,,,,,,,,,,,,,,,,,,,,533,509,0,0.0,0.0,,Neutral
Donald Trump,0.0,,,,,,,,,,,,,,,,,,,,,,,,,,,,,,,,,,,,,,,,,,,,,,,452,1085,0,0.0,0.0,,Neutral
Editing by,0.0,,,,,,,,,,,,,,,,,,,,,,,,,,,,,,,,,,,,,,,,,,,,,,,704,45,0,0.0,0.0,,Neutral
Holy Communion,0.0,,,,,,,,,,,,,,,,,,,,,,,,,,,,,,,,,,,,,,,,,,,,,,,102,91,1,1.0,0.0,,Neutral
I am,0.0,,,,,,,,,,,,,,,,,,,,,,,,,,,,,,,,,,,,,,,,,,,,,,,880,888,0,0.0,0.0,,Neutral
I dont,0.0,,,,,,,,,,,,,,,,,,,,,,,,,,,,,,,,,,,,,,,,,,,,,,,855,1038,0,0.0,0.0,,Neutral
I think,0.0,,,,,,,,,,,,,,,,,,,,,,,,,,,,,,,,,,,,,,,,,,,,,,,769,1632,0,0.0,0.0,,Neutral
I was,0.0,,,,,,,,,,,,,,,,,,,,,,,,,,,,,,,,,,,,,,,,,,,,,,,718,1241,0,0.0,0.0,,Neutral
If you,0.0,,,,,,,,,,,,,,,,,,,,,,,,,,,,,,,,,,,,,,,,,,,,,,,961,597,0,0.0,0.0,,Neutral
In the,0.0,,,,,,,,,,,,,,,,,,,,,,,,,,,,,,,,,,,,,,,,,,,,,,,927,1626,0,0.0,0.0,,Neutral
In this,0.0,,,,,,,,,,,,,,,,,,,,,,,,,,,,,,,,,,,,,,,,,,,,,,,893,193,0,0.0,0.0,,Neutral
It is,0.0,,,,,,,,,,,,,,,,,,,,,,,,,,,,,,,,,,,,,,,,,,,,,,,756,1436,0,0.0,0.0,,Neutral
Jane Roe,0.0,,,,,,,,,,,,,,,,,,,,,,,,,,,,,,,,,,,,,,,,,,,,,,,103,175,1,1.0,0.0,,Neutral
Joe Biden,0.0,,,,,,,,,,,,,,,,,,,,,,,,,,,,,,,,,,,,,,,,,,,,,,,65,582,1,1.0,0.0,,Neutral
Judge Barrett,0.0,,,,,,,,,,,,,,,,,,,,,,,,,,,,,,,,,,,,,,,,,,,,,,,604,17,0,0.0,0.0,,Neutral
Justice Kavanaugh,0.0,,,,,,,,,,,,,,,,,,,,,,,,,,,,,,,,,,,,,,,,,,,,,,,555,129,0,0.0,0.0,,Neutral
Latin America,0.0,,,,,,,,,,,,,,,,,,,,,,,,,,,,,,,,,,,,,,,,,,,,,,,327,130,0,0.0,0.0,,Neutral
Law and,0.0,,,,,,,,,,,,,,,,,,,,,,,,,,,,,,,,,,,,,,,,,,,,,,,725,69,0,0.0,0.0,,Neutral
Law and Justice,0.0,,,,,,,,,,,,,,,,,,,,,,,,,,,,,,,,,,,,,,,,,,,,,,,745,44,0,0.0,0.0,,Neutral
Little Sisters of,0.0,,,,,,,,,,,,,,,,,,,,,,,,,,,,,,,,,,,,,,,,,,,,,,,809,92,0,0.0,0.0,,Neutral
Long Bailey,0.0,,,,,,,,,,,,,,,,,,,,,,,,,,,,,,,,,,,,,,,,,,,,,,,519,35,0,0.0,0.0,,Neutral
March for Life,0.0,,,,,,,,,,,,,,,,,,,,,,,,,,,,,,,,,,,,,,,,,,,,,,,92,678,1,1.0,0.0,,Neutral
Margaret Sanger,0.0,,,,,,,,,,,,,,,,,,,,,,,,,,,,,,,,,,,,,,,,,,,,,,,633,145,0,0.0,0.0,,Neutral
Medicare for All,0.0,,,,,,,,,,,,,,,,,,,,,,,,,,,,,,,,,,,,,,,,,,,,,,,68,127,1,1.0,0.0,,Neutral
Mexico City,0.0,,,,,,,,,,,,,,,,,,,,,,,,,,,,,,,,,,,,,,,,,,,,,,,308,263,0,0.0,0.0,,Neutral
Mr Trump,0.0,,,,,,,,,,,,,,,,,,,,,,,,,,,,,,,,,,,,,,,,,,,,,,,232,157,0,0.0,0.0,,Neutral
New York,0.0,,,,,,,,,,,,,,,,,,,,,,,,,,,,,,,,,,,,,,,,,,,,,,,223,2387,0,0.0,0.0,,Neutral
Northern Ireland,0.0,,,,,,,,,,,,,,,,,,,,,,,,,,,,,,,,,,,,,,,,,,,,,,,222,490,0,0.0,0.0,,Neutral
Planned Parenthood,0.0,,,,,,,,,,,,,,,,,,,,,,,,,,,,,,,,,,,,,,,,,,,,,,,54,8725,1,1.0,0.0,,Neutral
Planned Parenthoods,0.0,,,,,,,,,,,,,,,,,,,,,,,,,,,,,,,,,,,,,,,,,,,,,,,170,804,1,0.0,0.0,,Neutral
Pope Francis,0.0,,,,,,,,,,,,,,,,,,,,,,,,,,,,,,,,,,,,,,,,,,,,,,,99,113,1,1.0,0.0,,Neutral
President Donald Trump,0.0,,,,,,,,,,,,,,,,,,,,,,,,,,,,,,,,,,,,,,,,,,,,,,,520,529,0,0.0,0.0,,Neutral
Protection Act,0.0,,,,,,,,,,,,,,,,,,,,,,,,,,,,,,,,,,,,,,,,,,,,,,,569,612,0,0.0,0.0,,Neutral
READ MORE,0.0,,,,,,,,,,,,,,,,,,,,,,,,,,,,,,,,,,,,,,,,,,,,,,,697,60,0,0.0,0.0,,Neutral
Read more,0.0,,,,,,,,,,,,,,,,,,,,,,,,,,,,,,,,,,,,,,,,,,,,,,,684,358,0,0.0,0.0,,Neutral
Reporting by,0.0,,,,,,,,,,,,,,,,,,,,,,,,,,,,,,,,,,,,,,,,,,,,,,,694,44,0,0.0,0.0,,Neutral
Rhode Island,0.0,,,,,,,,,,,,,,,,,,,,,,,,,,,,,,,,,,,,,,,,,,,,,,,101,207,1,1.0,0.0,,Neutral
Right to Life,0.0,,,,,,,,,,,,,,,,,,,,,,,,,,,,,,,,,,,,,,,,,,,,,,,111,463,1,1.0,0.0,,Neutral
Roe v Wade,0.0,,,,,,,,,,,,,,,,,,,,,,,,,,,,,,,,,,,,,,,,,,,,,,,72,5068,1,1.0,0.0,,Neutral
Roman Catholic,0.0,,,,,,,,,,,,,,,,,,,,,,,,,,,,,,,,,,,,,,,,,,,,,,,79,136,1,1.0,0.0,,Neutral
Sisters of the,0.0,,,,,,,,,,,,,,,,,,,,,,,,,,,,,,,,,,,,,,,,,,,,,,,813,91,0,0.0,0.0,,Neutral
South Bend,0.0,,,,,,,,,,,,,,,,,,,,,,,,,,,,,,,,,,,,,,,,,,,,,,,81,328,1,1.0,0.0,,Neutral
States Supreme Court,0.0,,,,,,,,,,,,,,,,,,,,,,,,,,,,,,,,,,,,,,,,,,,,,,,498,756,0,0.0,0.0,,Neutral
Supreme Court,0.0,,,,,,,,,,,,,,,,,,,,,,,,,,,,,,,,,,,,,,,,,,,,,,,56,8437,1,1.0,0.0,,Neutral
Susan Collins,0.0,,,,,,,,,,,,,,,,,,,,,,,,,,,,,,,,,,,,,,,,,,,,,,,601,257,0,0.0,0.0,,Neutral
Thank you,0.0,,,,,,,,,,,,,,,,,,,,,,,,,,,,,,,,,,,,,,,,,,,,,,,973,255,0,0.0,0.0,,Neutral
That is,0.0,,,,,,,,,,,,,,,,,,,,,,,,,,,,,,,,,,,,,,,,,,,,,,,997,356,0,0.0,0.0,,Neutral
The Daily Caller,0.0,,,,,,,,,,,,,,,,,,,,,,,,,,,,,,,,,,,,,,,,,,,,,,,644,627,0,0.0,0.0,,Neutral
The infant would,0.0,,,,,,,,,,,,,,,,,,,,,,,,,,,,,,,,,,,,,,,,,,,,,,,806,422,0,0.0,0.0,,Neutral
This article is,0.0,,,,,,,,,,,,,,,,,,,,,,,,,,,,,,,,,,,,,,,,,,,,,,,820,134,0,0.0,0.0,,Neutral
This is,0.0,,,,,,,,,,,,,,,,,,,,,,,,,,,,,,,,,,,,,,,,,,,,,,,872,2031,0,0.0,0.0,,Neutral
Title X,0.0,,,,,,,,,,,,,,,,,,,,,,,,,,,,,,,,,,,,,,,,,,,,,,,67,1805,1,1.0,0.0,,Neutral
Twitter and Facebook,0.0,,,,,,,,,,,,,,,,,,,,,,,,,,,,,,,,,,,,,,,,,,,,,,,992,85,0,0.0,0.0,,Neutral
US Supreme Court,0.0,,,,,,,,,,,,,,,,,,,,,,,,,,,,,,,,,,,,,,,,,,,,,,,600,159,0,0.0,0.0,,Neutral
United States,0.0,,,,,,,,,,,,,,,,,,,,,,,,,,,,,,,,,,,,,,,,,,,,,,,62,5051,1,1.0,0.0,,Neutral
United States Supreme,0.0,,,,,,,,,,,,,,,,,,,,,,,,,,,,,,,,,,,,,,,,,,,,,,,451,822,0,0.0,0.0,,Neutral
Whole Womans Health,0.0,,,,,,,,,,,,,,,,,,,,,,,,,,,,,,,,,,,,,,,,,,,,,,,76,771,1,1.0,0.0,,Neutral
a a,0.0,,,,,,,,,,,,,,,,,,,,,,,,,,,,,,,,,,,,,,,,,,,,,,,857,78,0,0.0,0.0,,Neutral
a baby,0.0,,,,,,,,,,,,,,,,,,,,,,,,,,,,,,,,,,,,,,,,,,,,,,,181,941,1,0.0,0.0,,Neutral
a fetal heartbeat,0.0,,,,,,,,,,,,,,,,,,,,,,,,,,,,,,,,,,,,,,,,,,,,,,,130,701,1,0.0,0.0,,Neutral
a friend,0.0,,,,,,,,,,,,,,,,,,,,,,,,,,,,,,,,,,,,,,,,,,,,,,,760,107,0,0.0,0.0,,Neutral
a large,0.0,,,,,,,,,,,,,,,,,,,,,,,,,,,,,,,,,,,,,,,,,,,,,,,666,632,0,0.0,0.0,,Neutral
a law,0.0,,,,,,,,,,,,,,,,,,,,,,,,,,,,,,,,,,,,,,,,,,,,,,,923,1093,0,0.0,0.0,,Neutral
a lot of,0.0,,,,,,,,,,,,,,,,,,,,,,,,,,,,,,,,,,,,,,,,,,,,,,,881,859,0,0.0,0.0,,Neutral
a near total,0.0,,,,,,,,,,,,,,,,,,,,,,,,,,,,,,,,,,,,,,,,,,,,,,,659,222,0,0.0,0.0,,Neutral
a new,0.0,,,,,,,,,,,,,,,,,,,,,,,,,,,,,,,,,,,,,,,,,,,,,,,776,1124,0,0.0,0.0,,Neutral
a pregnancy,0.0,,,,,,,,,,,,,,,,,,,,,,,,,,,,,,,,,,,,,,,,,,,,,,,777,1290,0,0.0,0.0,,Neutral
a protest,0.0,,,,,,,,,,,,,,,,,,,,,,,,,,,,,,,,,,,,,,,,,,,,,,,713,82,0,0.0,0.0,,Neutral
a protest against,0.0,,,,,,,,,,,,,,,,,,,,,,,,,,,,,,,,,,,,,,,,,,,,,,,879,24,0,0.0,0.0,,Neutral
a threat to,0.0,,,,,,,,,,,,,,,,,,,,,,,,,,,,,,,,,,,,,,,,,,,,,,,834,121,0,0.0,0.0,,Neutral
a tip,0.0,,,,,,,,,,,,,,,,,,,,,,,,,,,,,,,,,,,,,,,,,,,,,,,945,118,0,0.0,0.0,,Neutral
a woman,0.0,,,,,,,,,,,,,,,,,,,,,,,,,,,,,,,,,,,,,,,,,,,,,,,932,2208,0,0.0,0.0,,Neutral
a womans,0.0,,,,,,,,,,,,,,,,,,,,,,,,,,,,,,,,,,,,,,,,,,,,,,,748,1709,0,0.0,0.0,,Neutral
a womans right,0.0,,,,,,,,,,,,,,,,,,,,,,,,,,,,,,,,,,,,,,,,,,,,,,,184,776,1,0.0,0.0,,Neutral
a year,0.0,,,,,,,,,,,,,,,,,,,,,,,,,,,,,,,,,,,,,,,,,,,,,,,933,851,0,0.0,0.0,,Neutral
able to,0.0,,,,,,,,,,,,,,,,,,,,,,,,,,,,,,,,,,,,,,,,,,,,,,,924,1768,0,0.0,0.0,,Neutral
abnormalities,0.0,,,,,,,,,,,,,,,,,,,,,,,,,,,,,,,,,,,,,,,,,,,,,,,171,196,1,0.0,0.0,,Neutral
aborted,641.0,1.0,3.0,1.0,6.0,4.0,3.0,0.0,36.0,4.0,1.0,10.0,8.0,1.0,3.0,95.0,16.0,5.0,15.0,5.0,65.0,44.0,10.0,0.0,22.0,2.0,0.0,9.0,58.0,9.0,6.0,13.0,14.0,0.0,42.0,15.0,50.0,4.0,5.0,7.0,2.0,1.0,20.0,1.0,7.0,18.0,0.0,29,641,1,1.0,1.0,343.0,Right
abortion,0.0,,,,,,,,,,,,,,,,,,,,,,,,,,,,,,,,,,,,,,,,,,,,,,,135,68190,1,0.0,0.0,,Neutral
abortion access,1519.0,9.0,20.0,2.0,0.0,9.0,7.0,1.0,20.0,43.0,173.0,126.0,63.0,11.0,1.0,171.0,54.0,1.0,1.0,9.0,15.0,72.0,43.0,16.0,2.0,20.0,26.0,38.0,38.0,57.0,27.0,12.0,38.0,5.0,10.0,34.0,6.0,0.0,34.0,3.0,2.0,7.0,45.0,51.0,123.0,73.0,1.0,15,1519,1,1.0,1.0,-390.0,Left
abortion ban,1133.0,22.0,6.0,2.0,0.0,2.0,2.0,0.0,9.0,18.0,108.0,49.0,71.0,5.0,0.0,55.0,37.0,5.0,0.0,0.0,2.0,38.0,58.0,10.0,7.0,6.0,3.0,23.0,44.0,60.0,35.0,13.0,23.0,2.0,12.0,34.0,22.0,12.0,22.0,1.0,0.0,12.0,139.0,33.0,68.0,63.0,0.0,16,1133,1,1.0,1.0,-280.0,Left
abortion care,1215.0,7.0,13.0,0.0,1.0,2.0,2.0,1.0,25.0,33.0,40.0,73.0,218.0,14.0,0.0,61.0,70.0,4.0,3.0,5.0,3.0,21.0,43.0,19.0,2.0,30.0,24.0,41.0,19.0,55.0,28.0,7.0,19.0,0.0,5.0,31.0,8.0,0.0,27.0,1.0,0.0,7.0,52.0,60.0,76.0,64.0,1.0,4,1215,1,1.0,1.0,-611.0,Left
abortion clinic,1326.0,13.0,5.0,1.0,2.0,9.0,0.0,1.0,31.0,31.0,74.0,34.0,29.0,2.0,2.0,156.0,32.0,20.0,2.0,11.0,17.0,80.0,52.0,10.0,5.0,8.0,5.0,30.0,65.0,63.0,21.0,28.0,41.0,1.0,57.0,39.0,25.0,1.0,10.0,5.0,3.0,10.0,92.0,65.0,62.0,70.0,6.0,35,1326,1,1.0,1.0,-17.0,Left
abortion clinics,0.0,,,,,,,,,,,,,,,,,,,,,,,,,,,,,,,,,,,,,,,,,,,,,,,128,1352,1,0.0,0.0,,Neutral
abortion in,0.0,,,,,,,,,,,,,,,,,,,,,,,,,,,,,,,,,,,,,,,,,,,,,,,173,2360,1,0.0,0.0,,Neutral
abortion industry,390.0,1.0,2.0,0.0,0.0,3.0,0.0,0.0,51.0,2.0,0.0,5.0,1.0,0.0,0.0,62.0,0.0,3.0,3.0,0.0,49.0,46.0,2.0,1.0,8.0,1.0,0.0,0.0,31.0,18.0,7.0,3.0,0.0,0.0,12.0,7.0,32.0,0.0,1.0,4.0,2.0,2.0,12.0,1.0,6.0,12.0,0.0,47,390,1,1.0,1.0,262.0,Right
abortion is,0.0,,,,,,,,,,,,,,,,,,,,,,,,,,,,,,,,,,,,,,,,,,,,,,,177,2668,1,0.0,0.0,,Neutral
abortion law,937.0,13.0,16.0,3.0,1.0,0.0,8.0,4.0,29.0,23.0,34.0,59.0,13.0,10.0,3.0,58.0,25.0,10.0,2.0,2.0,15.0,47.0,56.0,8.0,9.0,1.0,4.0,11.0,24.0,40.0,35.0,32.0,30.0,9.0,19.0,38.0,19.0,13.0,15.0,6.0,0.0,0.0,65.0,5.0,56.0,57.0,4.0,20,937,1,1.0,1.0,-110.0,Left
abortion law in,0.0,,,,,,,,,,,,,,,,,,,,,,,,,,,,,,,,,,,,,,,,,,,,,,,100,158,1,1.0,0.0,,Neutral
abortion laws,0.0,,,,,,,,,,,,,,,,,,,,,,,,,,,,,,,,,,,,,,,,,,,,,,,149,1131,1,0.0,0.0,,Neutral
abortion pills,364.0,1.0,2.0,0.0,0.0,0.0,3.0,1.0,6.0,8.0,10.0,17.0,0.0,19.0,0.0,34.0,9.0,8.0,0.0,4.0,11.0,7.0,67.0,4.0,2.0,0.0,4.0,8.0,12.0,10.0,19.0,4.0,2.0,0.0,3.0,2.0,5.0,1.0,1.0,1.0,0.0,1.0,19.0,41.0,15.0,3.0,0.0,40,364,1,1.0,1.0,-90.0,Left
abortion providers,1775.0,11.0,22.0,2.0,1.0,6.0,8.0,2.0,40.0,18.0,109.0,83.0,58.0,6.0,3.0,125.0,55.0,19.0,4.0,15.0,32.0,83.0,48.0,31.0,9.0,38.0,9.0,55.0,96.0,73.0,89.0,19.0,38.0,2.0,23.0,53.0,31.0,3.0,52.0,1.0,4.0,10.0,66.0,63.0,125.0,132.0,3.0,31,1775,1,1.0,1.0,-351.0,Left
abortion restrictions,991.0,25.0,12.0,3.0,0.0,6.0,5.0,6.0,12.0,12.0,43.0,30.0,21.0,6.0,1.0,57.0,20.0,8.0,1.0,3.0,16.0,41.0,29.0,17.0,3.0,16.0,6.0,37.0,54.0,57.0,33.0,17.0,33.0,2.0,11.0,21.0,5.0,0.0,20.0,2.0,0.0,5.0,59.0,37.0,101.0,89.0,8.0,39,991,1,1.0,1.0,-253.0,Left
abortion rights,4851.0,97.0,42.0,15.0,5.0,43.0,63.0,10.0,54.0,151.0,282.0,341.0,98.0,11.0,11.0,63.0,84.0,28.0,12.0,28.0,17.0,113.0,179.0,61.0,4.0,23.0,51.0,95.0,248.0,236.0,373.0,76.0,216.0,11.0,17.0,140.0,51.0,3.0,71.0,4.0,0.0,32.0,211.0,103.0,461.0,585.0,24.0,1,4851,1,1.0,1.0,-1995.0,Left
abortion rules,24.0,4.0,0.0,0.0,0.0,0.0,0.0,0.0,0.0,0.0,0.0,4.0,0.0,0.0,0.0,3.0,1.0,0.0,0.0,0.0,0.0,1.0,0.0,0.0,0.0,0.0,0.0,0.0,1.0,0.0,0.0,0.0,0.0,0.0,1.0,1.0,0.0,0.0,0.0,0.0,0.0,0.0,0.0,0.0,0.0,0.0,0.0,30,24,1,1.0,1.0,1.0,Right
abortion services,955.0,16.0,7.0,0.0,0.0,7.0,1.0,7.0,23.0,22.0,140.0,64.0,29.0,19.0,3.0,36.0,25.0,3.0,7.0,6.0,5.0,25.0,87.0,11.0,4.0,14.0,11.0,16.0,15.0,77.0,50.0,11.0,17.0,0.0,7.0,19.0,13.0,0.0,2.0,0.0,0.0,3.0,37.0,33.0,15.0,68.0,0.0,25,955,1,1.0,1.0,-269.0,Left
abortionists,310.0,0.0,0.0,2.0,0.0,0.0,2.0,0.0,25.0,6.0,0.0,2.0,5.0,0.0,5.0,32.0,0.0,3.0,1.0,8.0,45.0,11.0,5.0,0.0,14.0,3.0,0.0,0.0,43.0,3.0,1.0,3.0,2.0,0.0,39.0,2.0,22.0,0.0,1.0,1.0,2.0,5.0,7.0,1.0,0.0,9.0,0.0,42,310,1,1.0,1.0,190.0,Right
abortions,0.0,,,,,,,,,,,,,,,,,,,,,,,,,,,,,,,,,,,,,,,,,,,,,,,138,16029,1,0.0,0.0,,Neutral
abortions after,0.0,,,,,,,,,,,,,,,,,,,,,,,,,,,,,,,,,,,,,,,,,,,,,,,985,839,0,0.0,0.0,,Neutral
abortions in,0.0,,,,,,,,,,,,,,,,,,,,,,,,,,,,,,,,,,,,,,,,,,,,,,,187,1370,1,0.0,0.0,,Neutral
about the,0.0,,,,,,,,,,,,,,,,,,,,,,,,,,,,,,,,,,,,,,,,,,,,,,,944,2422,0,0.0,0.0,,Neutral
access,0.0,,,,,,,,,,,,,,,,,,,,,,,,,,,,,,,,,,,,,,,,,,,,,,,59,6517,1,1.0,0.0,,Neutral
access to,0.0,,,,,,,,,,,,,,,,,,,,,,,,,,,,,,,,,,,,,,,,,,,,,,,678,3421,0,0.0,0.0,,Neutral
access to abortion,1204.0,17.0,16.0,1.0,4.0,5.0,5.0,3.0,26.0,27.0,68.0,91.0,61.0,23.0,2.0,73.0,32.0,5.0,1.0,8.0,20.0,43.0,59.0,12.0,7.0,13.0,8.0,27.0,46.0,63.0,62.0,16.0,26.0,4.0,14.0,30.0,10.0,2.0,7.0,3.0,1.0,5.0,42.0,22.0,66.0,119.0,8.0,46,1204,1,1.0,1.0,-310.0,Left
accommodation,0.0,,,,,,,,,,,,,,,,,,,,,,,,,,,,,,,,,,,,,,,,,,,,,,,537,45,0,0.0,0.0,,Neutral
according to,0.0,,,,,,,,,,,,,,,,,,,,,,,,,,,,,,,,,,,,,,,,,,,,,,,655,3089,0,0.0,0.0,,Neutral
according to the,0.0,,,,,,,,,,,,,,,,,,,,,,,,,,,,,,,,,,,,,,,,,,,,,,,762,1113,0,0.0,0.0,,Neutral
accused,0.0,,,,,,,,,,,,,,,,,,,,,,,,,,,,,,,,,,,,,,,,,,,,,,,607,486,0,0.0,0.0,,Neutral
across the,0.0,,,,,,,,,,,,,,,,,,,,,,,,,,,,,,,,,,,,,,,,,,,,,,,904,1611,0,0.0,0.0,,Neutral
activists,0.0,,,,,,,,,,,,,,,,,,,,,,,,,,,,,,,,,,,,,,,,,,,,,,,332,1849,0,0.0,0.0,,Neutral
actress,0.0,,,,,,,,,,,,,,,,,,,,,,,,,,,,,,,,,,,,,,,,,,,,,,,479,200,0,0.0,0.0,,Neutral
actually,0.0,,,,,,,,,,,,,,,,,,,,,,,,,,,,,,,,,,,,,,,,,,,,,,,467,1399,0,0.0,0.0,,Neutral
added,0.0,,,,,,,,,,,,,,,,,,,,,,,,,,,,,,,,,,,,,,,,,,,,,,,296,1839,0,0.0,0.0,,Neutral
administration,0.0,,,,,,,,,,,,,,,,,,,,,,,,,,,,,,,,,,,,,,,,,,,,,,,224,2450,0,0.0,0.0,,Neutral
administrations,0.0,,,,,,,,,,,,,,,,,,,,,,,,,,,,,,,,,,,,,,,,,,,,,,,547,685,0,0.0,0.0,,Neutral
admitting privileges,0.0,,,,,,,,,,,,,,,,,,,,,,,,,,,,,,,,,,,,,,,,,,,,,,,84,1415,1,1.0,0.0,,Neutral
adoption,345.0,2.0,1.0,1.0,6.0,0.0,15.0,0.0,3.0,4.0,1.0,16.0,0.0,0.0,1.0,25.0,7.0,12.0,1.0,1.0,15.0,17.0,23.0,9.0,4.0,0.0,1.0,4.0,63.0,8.0,12.0,4.0,10.0,0.0,13.0,2.0,11.0,0.0,2.0,4.0,0.0,1.0,15.0,3.0,6.0,22.0,0.0,36,345,1,1.0,1.0,41.0,Right
advocacy,0.0,,,,,,,,,,,,,,,,,,,,,,,,,,,,,,,,,,,,,,,,,,,,,,,512,592,0,0.0,0.0,,Neutral
advocates,0.0,,,,,,,,,,,,,,,,,,,,,,,,,,,,,,,,,,,,,,,,,,,,,,,351,2028,0,0.0,0.0,,Neutral
after a,0.0,,,,,,,,,,,,,,,,,,,,,,,,,,,,,,,,,,,,,,,,,,,,,,,926,1034,0,0.0,0.0,,Neutral
against a,0.0,,,,,,,,,,,,,,,,,,,,,,,,,,,,,,,,,,,,,,,,,,,,,,,751,231,0,0.0,0.0,,Neutral
against the,0.0,,,,,,,,,,,,,,,,,,,,,,,,,,,,,,,,,,,,,,,,,,,,,,,680,1183,0,0.0,0.0,,Neutral
agenda,0.0,,,,,,,,,,,,,,,,,,,,,,,,,,,,,,,,,,,,,,,,,,,,,,,542,673,0,0.0,0.0,,Neutral
already,0.0,,,,,,,,,,,,,,,,,,,,,,,,,,,,,,,,,,,,,,,,,,,,,,,400,2544,0,0.0,0.0,,Neutral
amendment,0.0,,,,,,,,,,,,,,,,,,,,,,,,,,,,,,,,,,,,,,,,,,,,,,,408,1399,0,0.0,0.0,,Neutral
amid,0.0,,,,,,,,,,,,,,,,,,,,,,,,,,,,,,,,,,,,,,,,,,,,,,,627,388,0,0.0,0.0,,Neutral
an abortion,0.0,,,,,,,,,,,,,,,,,,,,,,,,,,,,,,,,,,,,,,,,,,,,,,,175,7238,1,0.0,0.0,,Neutral
and I,0.0,,,,,,,,,,,,,,,,,,,,,,,,,,,,,,,,,,,,,,,,,,,,,,,854,1059,0,0.0,0.0,,Neutral
and Justice,0.0,,,,,,,,,,,,,,,,,,,,,,,,,,,,,,,,,,,,,,,,,,,,,,,722,130,0,0.0,0.0,,Neutral
and do,0.0,,,,,,,,,,,,,,,,,,,,,,,,,,,,,,,,,,,,,,,,,,,,,,,827,172,0,0.0,0.0,,Neutral
and do not,0.0,,,,,,,,,,,,,,,,,,,,,,,,,,,,,,,,,,,,,,,,,,,,,,,836,98,0,0.0,0.0,,Neutral
and free,0.0,,,,,,,,,,,,,,,,,,,,,,,,,,,,,,,,,,,,,,,,,,,,,,,649,134,0,0.0,0.0,,Neutral
and more,0.0,,,,,,,,,,,,,,,,,,,,,,,,,,,,,,,,,,,,,,,,,,,,,,,835,582,0,0.0,0.0,,Neutral
and the,0.0,,,,,,,,,,,,,,,,,,,,,,,,,,,,,,,,,,,,,,,,,,,,,,,717,6330,0,0.0,0.0,,Neutral
anger,0.0,,,,,,,,,,,,,,,,,,,,,,,,,,,,,,,,,,,,,,,,,,,,,,,459,130,0,0.0,0.0,,Neutral
anti abortion,4067.0,53.0,54.0,4.0,0.0,37.0,49.0,17.0,38.0,188.0,208.0,201.0,117.0,29.0,33.0,55.0,111.0,43.0,6.0,17.0,24.0,105.0,356.0,47.0,12.0,64.0,33.0,148.0,87.0,244.0,172.0,64.0,171.0,7.0,19.0,164.0,37.0,11.0,107.0,5.0,0.0,27.0,239.0,143.0,487.0,29.0,3.0,2,4067,1,1.0,1.0,-1898.0,Left
anti abortion rights,0.0,,,,,,,,,,,,,,,,,,,,,,,,,,,,,,,,,,,,,,,,,,,,,,,126,211,1,0.0,0.0,,Neutral
anti choice,705.0,0.0,54.0,0.0,0.0,0.0,1.0,0.0,8.0,4.0,7.0,16.0,198.0,5.0,5.0,11.0,65.0,0.0,1.0,0.0,5.0,16.0,53.0,4.0,1.0,14.0,1.0,14.0,12.0,17.0,9.0,1.0,1.0,0.0,3.0,81.0,5.0,1.0,10.0,0.0,1.0,5.0,5.0,38.0,14.0,19.0,0.0,3,705,1,1.0,1.0,-413.0,Left
appeal,0.0,,,,,,,,,,,,,,,,,,,,,,,,,,,,,,,,,,,,,,,,,,,,,,,584,628,0,0.0,0.0,,Neutral
appeals court,0.0,,,,,,,,,,,,,,,,,,,,,,,,,,,,,,,,,,,,,,,,,,,,,,,91,560,1,1.0,0.0,,Neutral
are their,0.0,,,,,,,,,,,,,,,,,,,,,,,,,,,,,,,,,,,,,,,,,,,,,,,821,28,0,0.0,0.0,,Neutral
argued,0.0,,,,,,,,,,,,,,,,,,,,,,,,,,,,,,,,,,,,,,,,,,,,,,,399,1285,0,0.0,0.0,,Neutral
argued that,0.0,,,,,,,,,,,,,,,,,,,,,,,,,,,,,,,,,,,,,,,,,,,,,,,914,712,0,0.0,0.0,,Neutral
argument,0.0,,,,,,,,,,,,,,,,,,,,,,,,,,,,,,,,,,,,,,,,,,,,,,,586,892,0,0.0,0.0,,Neutral
around,0.0,,,,,,,,,,,,,,,,,,,,,,,,,,,,,,,,,,,,,,,,,,,,,,,525,2086,0,0.0,0.0,,Neutral
article,0.0,,,,,,,,,,,,,,,,,,,,,,,,,,,,,,,,,,,,,,,,,,,,,,,307,902,0,0.0,0.0,,Neutral
article on,0.0,,,,,,,,,,,,,,,,,,,,,,,,,,,,,,,,,,,,,,,,,,,,,,,861,86,0,0.0,0.0,,Neutral
as a,0.0,,,,,,,,,,,,,,,,,,,,,,,,,,,,,,,,,,,,,,,,,,,,,,,869,4687,0,0.0,0.0,,Neutral
asked,0.0,,,,,,,,,,,,,,,,,,,,,,,,,,,,,,,,,,,,,,,,,,,,,,,608,1948,0,0.0,0.0,,Neutral
assault,0.0,,,,,,,,,,,,,,,,,,,,,,,,,,,,,,,,,,,,,,,,,,,,,,,561,532,0,0.0,0.0,,Neutral
at the,0.0,,,,,,,,,,,,,,,,,,,,,,,,,,,,,,,,,,,,,,,,,,,,,,,721,5261,0,0.0,0.0,,Neutral
audience,0.0,,,,,,,,,,,,,,,,,,,,,,,,,,,,,,,,,,,,,,,,,,,,,,,215,693,0,0.0,0.0,,Neutral
author,0.0,,,,,,,,,,,,,,,,,,,,,,,,,,,,,,,,,,,,,,,,,,,,,,,395,479,0,0.0,0.0,,Neutral
author of,0.0,,,,,,,,,,,,,,,,,,,,,,,,,,,,,,,,,,,,,,,,,,,,,,,794,278,0,0.0,0.0,,Neutral
available,0.0,,,,,,,,,,,,,,,,,,,,,,,,,,,,,,,,,,,,,,,,,,,,,,,255,1508,0,0.0,0.0,,Neutral
away,0.0,,,,,,,,,,,,,,,,,,,,,,,,,,,,,,,,,,,,,,,,,,,,,,,612,1909,0,0.0,0.0,,Neutral
babies,0.0,,,,,,,,,,,,,,,,,,,,,,,,,,,,,,,,,,,,,,,,,,,,,,,141,2383,1,0.0,0.0,,Neutral
baby,0.0,,,,,,,,,,,,,,,,,,,,,,,,,,,,,,,,,,,,,,,,,,,,,,,122,3155,1,0.0,0.0,,Neutral
back,0.0,,,,,,,,,,,,,,,,,,,,,,,,,,,,,,,,,,,,,,,,,,,,,,,535,2873,0,0.0,0.0,,Neutral
back in,0.0,,,,,,,,,,,,,,,,,,,,,,,,,,,,,,,,,,,,,,,,,,,,,,,822,219,0,0.0,0.0,,Neutral
ban,0.0,,,,,,,,,,,,,,,,,,,,,,,,,,,,,,,,,,,,,,,,,,,,,,,139,5508,1,0.0,0.0,,Neutral
ban on,0.0,,,,,,,,,,,,,,,,,,,,,,,,,,,,,,,,,,,,,,,,,,,,,,,664,1253,0,0.0,0.0,,Neutral
ban on abortion,0.0,,,,,,,,,,,,,,,,,,,,,,,,,,,,,,,,,,,,,,,,,,,,,,,63,457,1,1.0,0.0,,Neutral
banned,0.0,,,,,,,,,,,,,,,,,,,,,,,,,,,,,,,,,,,,,,,,,,,,,,,147,654,1,0.0,0.0,,Neutral
bans,0.0,,,,,,,,,,,,,,,,,,,,,,,,,,,,,,,,,,,,,,,,,,,,,,,146,2595,1,0.0,0.0,,Neutral
based,0.0,,,,,,,,,,,,,,,,,,,,,,,,,,,,,,,,,,,,,,,,,,,,,,,539,1837,0,0.0,0.0,,Neutral
be a,0.0,,,,,,,,,,,,,,,,,,,,,,,,,,,,,,,,,,,,,,,,,,,,,,,891,1578,0,0.0,0.0,,Neutral
be interested,0.0,,,,,,,,,,,,,,,,,,,,,,,,,,,,,,,,,,,,,,,,,,,,,,,715,36,0,0.0,0.0,,Neutral
become,0.0,,,,,,,,,,,,,,,,,,,,,,,,,,,,,,,,,,,,,,,,,,,,,,,596,1723,0,0.0,0.0,,Neutral
becoming,0.0,,,,,,,,,,,,,,,,,,,,,,,,,,,,,,,,,,,,,,,,,,,,,,,303,402,0,0.0,0.0,,Neutral
becoming a,0.0,,,,,,,,,,,,,,,,,,,,,,,,,,,,,,,,,,,,,,,,,,,,,,,708,118,0,0.0,0.0,,Neutral
believe,0.0,,,,,,,,,,,,,,,,,,,,,,,,,,,,,,,,,,,,,,,,,,,,,,,392,2258,0,0.0,0.0,,Neutral
best,0.0,,,,,,,,,,,,,,,,,,,,,,,,,,,,,,,,,,,,,,,,,,,,,,,344,1356,0,0.0,0.0,,Neutral
bill,0.0,,,,,,,,,,,,,,,,,,,,,,,,,,,,,,,,,,,,,,,,,,,,,,,57,8945,1,1.0,0.0,,Neutral
bills,0.0,,,,,,,,,,,,,,,,,,,,,,,,,,,,,,,,,,,,,,,,,,,,,,,278,2261,0,0.0,0.0,,Neutral
birth,0.0,,,,,,,,,,,,,,,,,,,,,,,,,,,,,,,,,,,,,,,,,,,,,,,144,3749,1,0.0,0.0,,Neutral
birth control,1324.0,12.0,56.0,0.0,1.0,19.0,12.0,0.0,34.0,46.0,36.0,35.0,45.0,15.0,3.0,54.0,44.0,0.0,7.0,14.0,19.0,37.0,58.0,17.0,4.0,10.0,10.0,27.0,47.0,70.0,38.0,32.0,28.0,1.0,41.0,50.0,46.0,0.0,11.0,22.0,7.0,9.0,43.0,27.0,117.0,118.0,2.0,27,1324,1,1.0,1.0,-271.0,Left
bishops,0.0,,,,,,,,,,,,,,,,,,,,,,,,,,,,,,,,,,,,,,,,,,,,,,,202,214,0,0.0,0.0,,Neutral
black,0.0,,,,,,,,,,,,,,,,,,,,,,,,,,,,,,,,,,,,,,,,,,,,,,,219,1113,0,0.0,0.0,,Neutral
blocked,0.0,,,,,,,,,,,,,,,,,,,,,,,,,,,,,,,,,,,,,,,,,,,,,,,449,1275,0,0.0,0.0,,Neutral
bodies,0.0,,,,,,,,,,,,,,,,,,,,,,,,,,,,,,,,,,,,,,,,,,,,,,,623,744,0,0.0,0.0,,Neutral
body,0.0,,,,,,,,,,,,,,,,,,,,,,,,,,,,,,,,,,,,,,,,,,,,,,,563,1063,0,0.0,0.0,,Neutral
born,0.0,,,,,,,,,,,,,,,,,,,,,,,,,,,,,,,,,,,,,,,,,,,,,,,159,1948,1,0.0,0.0,,Neutral
born alive,720.0,0.0,6.0,3.0,1.0,6.0,4.0,0.0,28.0,0.0,10.0,24.0,1.0,0.0,0.0,86.0,2.0,0.0,7.0,0.0,74.0,101.0,2.0,0.0,13.0,3.0,0.0,0.0,196.0,2.0,1.0,4.0,6.0,5.0,31.0,17.0,33.0,0.0,2.0,5.0,0.0,0.0,12.0,1.0,14.0,18.0,0.0,26,720,1,1.0,1.0,486.0,Right
breaking,0.0,,,,,,,,,,,,,,,,,,,,,,,,,,,,,,,,,,,,,,,,,,,,,,,289,294,0,0.0,0.0,,Neutral
burden,0.0,,,,,,,,,,,,,,,,,,,,,,,,,,,,,,,,,,,,,,,,,,,,,,,499,971,0,0.0,0.0,,Neutral
by The Daily,0.0,,,,,,,,,,,,,,,,,,,,,,,,,,,,,,,,,,,,,,,,,,,,,,,646,489,0,0.0,0.0,,Neutral
by the,0.0,,,,,,,,,,,,,,,,,,,,,,,,,,,,,,,,,,,,,,,,,,,,,,,709,4490,0,0.0,0.0,,Neutral
called,0.0,,,,,,,,,,,,,,,,,,,,,,,,,,,,,,,,,,,,,,,,,,,,,,,583,3080,0,0.0,0.0,,Neutral
came,0.0,,,,,,,,,,,,,,,,,,,,,,,,,,,,,,,,,,,,,,,,,,,,,,,640,1334,0,0.0,0.0,,Neutral
campaign,0.0,,,,,,,,,,,,,,,,,,,,,,,,,,,,,,,,,,,,,,,,,,,,,,,424,2050,0,0.0,0.0,,Neutral
can provide,0.0,,,,,,,,,,,,,,,,,,,,,,,,,,,,,,,,,,,,,,,,,,,,,,,651,516,0,0.0,0.0,,Neutral
candidate,0.0,,,,,,,,,,,,,,,,,,,,,,,,,,,,,,,,,,,,,,,,,,,,,,,548,955,0,0.0,0.0,,Neutral
candidates,0.0,,,,,,,,,,,,,,,,,,,,,,,,,,,,,,,,,,,,,,,,,,,,,,,450,1234,0,0.0,0.0,,Neutral
cant,0.0,,,,,,,,,,,,,,,,,,,,,,,,,,,,,,,,,,,,,,,,,,,,,,,497,1497,0,0.0,0.0,,Neutral
care,0.0,,,,,,,,,,,,,,,,,,,,,,,,,,,,,,,,,,,,,,,,,,,,,,,197,9382,0,0.0,0.0,,Neutral
case,0.0,,,,,,,,,,,,,,,,,,,,,,,,,,,,,,,,,,,,,,,,,,,,,,,226,6118,0,0.0,0.0,,Neutral
cases,0.0,,,,,,,,,,,,,,,,,,,,,,,,,,,,,,,,,,,,,,,,,,,,,,,206,3774,0,0.0,0.0,,Neutral
cases of,0.0,,,,,,,,,,,,,,,,,,,,,,,,,,,,,,,,,,,,,,,,,,,,,,,818,936,0,0.0,0.0,,Neutral
cases of rape,0.0,,,,,,,,,,,,,,,,,,,,,,,,,,,,,,,,,,,,,,,,,,,,,,,190,639,1,0.0,0.0,,Neutral
cent,0.0,,,,,,,,,,,,,,,,,,,,,,,,,,,,,,,,,,,,,,,,,,,,,,,429,59,0,0.0,0.0,,Neutral
challenge,0.0,,,,,,,,,,,,,,,,,,,,,,,,,,,,,,,,,,,,,,,,,,,,,,,591,1445,0,0.0,0.0,,Neutral
change,0.0,,,,,,,,,,,,,,,,,,,,,,,,,,,,,,,,,,,,,,,,,,,,,,,510,1574,0,0.0,0.0,,Neutral
charge,0.0,,,,,,,,,,,,,,,,,,,,,,,,,,,,,,,,,,,,,,,,,,,,,,,225,786,0,0.0,0.0,,Neutral
charge to,0.0,,,,,,,,,,,,,,,,,,,,,,,,,,,,,,,,,,,,,,,,,,,,,,,648,479,0,0.0,0.0,,Neutral
child,0.0,,,,,,,,,,,,,,,,,,,,,,,,,,,,,,,,,,,,,,,,,,,,,,,125,3057,1,0.0,0.0,,Neutral
children,0.0,,,,,,,,,,,,,,,,,,,,,,,,,,,,,,,,,,,,,,,,,,,,,,,213,2796,0,0.0,0.0,,Neutral
choice,0.0,,,,,,,,,,,,,,,,,,,,,,,,,,,,,,,,,,,,,,,,,,,,,,,143,4091,1,0.0,0.0,,Neutral
choose,0.0,,,,,,,,,,,,,,,,,,,,,,,,,,,,,,,,,,,,,,,,,,,,,,,619,1286,0,0.0,0.0,,Neutral
church,0.0,,,,,,,,,,,,,,,,,,,,,,,,,,,,,,,,,,,,,,,,,,,,,,,275,594,0,0.0,0.0,,Neutral
churches,0.0,,,,,,,,,,,,,,,,,,,,,,,,,,,,,,,,,,,,,,,,,,,,,,,75,138,1,1.0,0.0,,Neutral
cities,0.0,,,,,,,,,,,,,,,,,,,,,,,,,,,,,,,,,,,,,,,,,,,,,,,581,281,0,0.0,0.0,,Neutral
claim,0.0,,,,,,,,,,,,,,,,,,,,,,,,,,,,,,,,,,,,,,,,,,,,,,,538,929,0,0.0,0.0,,Neutral
claims,0.0,,,,,,,,,,,,,,,,,,,,,,,,,,,,,,,,,,,,,,,,,,,,,,,611,723,0,0.0,0.0,,Neutral
class,0.0,,,,,,,,,,,,,,,,,,,,,,,,,,,,,,,,,,,,,,,,,,,,,,,363,328,0,0.0,0.0,,Neutral
clinic,0.0,,,,,,,,,,,,,,,,,,,,,,,,,,,,,,,,,,,,,,,,,,,,,,,58,5397,1,1.0,0.0,,Neutral
clinic defense,0.0,,,,,,,,,,,,,,,,,,,,,,,,,,,,,,,,,,,,,,,,,,,,,,,567,26,0,0.0,0.0,,Neutral
clinics,0.0,,,,,,,,,,,,,,,,,,,,,,,,,,,,,,,,,,,,,,,,,,,,,,,142,5206,1,0.0,0.0,,Neutral
come,0.0,,,,,,,,,,,,,,,,,,,,,,,,,,,,,,,,,,,,,,,,,,,,,,,643,1870,0,0.0,0.0,,Neutral
comment,0.0,,,,,,,,,,,,,,,,,,,,,,,,,,,,,,,,,,,,,,,,,,,,,,,544,868,0,0.0,0.0,,Neutral
comments,0.0,,,,,,,,,,,,,,,,,,,,,,,,,,,,,,,,,,,,,,,,,,,,,,,292,1046,0,0.0,0.0,,Neutral
communities,0.0,,,,,,,,,,,,,,,,,,,,,,,,,,,,,,,,,,,,,,,,,,,,,,,511,482,0,0.0,0.0,,Neutral
companies,0.0,,,,,,,,,,,,,,,,,,,,,,,,,,,,,,,,,,,,,,,,,,,,,,,293,327,0,0.0,0.0,,Neutral
company,0.0,,,,,,,,,,,,,,,,,,,,,,,,,,,,,,,,,,,,,,,,,,,,,,,464,296,0,0.0,0.0,,Neutral
congenital,0.0,,,,,,,,,,,,,,,,,,,,,,,,,,,,,,,,,,,,,,,,,,,,,,,463,40,0,0.0,0.0,,Neutral
conscience,0.0,,,,,,,,,,,,,,,,,,,,,,,,,,,,,,,,,,,,,,,,,,,,,,,534,452,0,0.0,0.0,,Neutral
conservative,0.0,,,,,,,,,,,,,,,,,,,,,,,,,,,,,,,,,,,,,,,,,,,,,,,221,3052,0,0.0,0.0,,Neutral
conservatives,0.0,,,,,,,,,,,,,,,,,,,,,,,,,,,,,,,,,,,,,,,,,,,,,,,455,1092,0,0.0,0.0,,Neutral
constitution,0.0,,,,,,,,,,,,,,,,,,,,,,,,,,,,,,,,,,,,,,,,,,,,,,,470,363,0,0.0,0.0,,Neutral
constitutional,0.0,,,,,,,,,,,,,,,,,,,,,,,,,,,,,,,,,,,,,,,,,,,,,,,285,1853,0,0.0,0.0,,Neutral
continued,0.0,,,,,,,,,,,,,,,,,,,,,,,,,,,,,,,,,,,,,,,,,,,,,,,461,768,0,0.0,0.0,,Neutral
contraception,1060.0,11.0,49.0,0.0,7.0,11.0,5.0,1.0,15.0,77.0,18.0,37.0,27.0,15.0,0.0,28.0,23.0,8.0,4.0,20.0,8.0,23.0,74.0,14.0,7.0,10.0,2.0,34.0,59.0,38.0,60.0,14.0,25.0,1.0,18.0,56.0,16.0,1.0,24.0,1.0,6.0,9.0,28.0,7.0,102.0,66.0,1.0,22,1060,1,1.0,1.0,-368.0,Left
contraceptive,0.0,,,,,,,,,,,,,,,,,,,,,,,,,,,,,,,,,,,,,,,,,,,,,,,148,333,1,0.0,0.0,,Neutral
contributed to this,0.0,,,,,,,,,,,,,,,,,,,,,,,,,,,,,,,,,,,,,,,,,,,,,,,839,217,0,0.0,0.0,,Neutral
control,0.0,,,,,,,,,,,,,,,,,,,,,,,,,,,,,,,,,,,,,,,,,,,,,,,298,2511,0,0.0,0.0,,Neutral
controversial,0.0,,,,,,,,,,,,,,,,,,,,,,,,,,,,,,,,,,,,,,,,,,,,,,,87,539,1,1.0,0.0,,Neutral
conversations,0.0,,,,,,,,,,,,,,,,,,,,,,,,,,,,,,,,,,,,,,,,,,,,,,,277,216,0,0.0,0.0,,Neutral
coronavirus crisis and,0.0,,,,,,,,,,,,,,,,,,,,,,,,,,,,,,,,,,,,,,,,,,,,,,,743,81,0,0.0,0.0,,Neutral
could,0.0,,,,,,,,,,,,,,,,,,,,,,,,,,,,,,,,,,,,,,,,,,,,,,,251,6904,0,0.0,0.0,,Neutral
counter,0.0,,,,,,,,,,,,,,,,,,,,,,,,,,,,,,,,,,,,,,,,,,,,,,,301,224,0,0.0,0.0,,Neutral
countries,0.0,,,,,,,,,,,,,,,,,,,,,,,,,,,,,,,,,,,,,,,,,,,,,,,321,781,0,0.0,0.0,,Neutral
country,0.0,,,,,,,,,,,,,,,,,,,,,,,,,,,,,,,,,,,,,,,,,,,,,,,266,3694,0,0.0,0.0,,Neutral
course,0.0,,,,,,,,,,,,,,,,,,,,,,,,,,,,,,,,,,,,,,,,,,,,,,,536,956,0,0.0,0.0,,Neutral
court,0.0,,,,,,,,,,,,,,,,,,,,,,,,,,,,,,,,,,,,,,,,,,,,,,,196,7804,0,0.0,0.0,,Neutral
court ruling,0.0,,,,,,,,,,,,,,,,,,,,,,,,,,,,,,,,,,,,,,,,,,,,,,,74,141,1,1.0,0.0,,Neutral
court ruling that,0.0,,,,,,,,,,,,,,,,,,,,,,,,,,,,,,,,,,,,,,,,,,,,,,,884,48,0,0.0,0.0,,Neutral
courts,0.0,,,,,,,,,,,,,,,,,,,,,,,,,,,,,,,,,,,,,,,,,,,,,,,248,2732,0,0.0,0.0,,Neutral
created,0.0,,,,,,,,,,,,,,,,,,,,,,,,,,,,,,,,,,,,,,,,,,,,,,,257,1041,0,0.0,0.0,,Neutral
created by,0.0,,,,,,,,,,,,,,,,,,,,,,,,,,,,,,,,,,,,,,,,,,,,,,,661,536,0,0.0,0.0,,Neutral
crisis,0.0,,,,,,,,,,,,,,,,,,,,,,,,,,,,,,,,,,,,,,,,,,,,,,,371,1173,0,0.0,0.0,,Neutral
crisis and,0.0,,,,,,,,,,,,,,,,,,,,,,,,,,,,,,,,,,,,,,,,,,,,,,,759,125,0,0.0,0.0,,Neutral
cultural,0.0,,,,,,,,,,,,,,,,,,,,,,,,,,,,,,,,,,,,,,,,,,,,,,,291,240,0,0.0,0.0,,Neutral
culture,0.0,,,,,,,,,,,,,,,,,,,,,,,,,,,,,,,,,,,,,,,,,,,,,,,297,504,0,0.0,0.0,,Neutral
day,0.0,,,,,,,,,,,,,,,,,,,,,,,,,,,,,,,,,,,,,,,,,,,,,,,401,2113,0,0.0,0.0,,Neutral
dead,288.0,0.0,0.0,0.0,8.0,0.0,5.0,0.0,2.0,2.0,3.0,9.0,7.0,1.0,5.0,10.0,6.0,2.0,2.0,1.0,32.0,13.0,15.0,0.0,8.0,1.0,2.0,5.0,16.0,6.0,2.0,3.0,5.0,0.0,18.0,11.0,16.0,1.0,21.0,5.0,0.0,2.0,13.0,3.0,13.0,14.0,0.0,34,288,1,1.0,1.0,6.0,Right
death,0.0,,,,,,,,,,,,,,,,,,,,,,,,,,,,,,,,,,,,,,,,,,,,,,,352,1605,0,0.0,0.0,,Neutral
debate,0.0,,,,,,,,,,,,,,,,,,,,,,,,,,,,,,,,,,,,,,,,,,,,,,,323,1996,0,0.0,0.0,,Neutral
decades,0.0,,,,,,,,,,,,,,,,,,,,,,,,,,,,,,,,,,,,,,,,,,,,,,,413,1136,0,0.0,0.0,,Neutral
decision,0.0,,,,,,,,,,,,,,,,,,,,,,,,,,,,,,,,,,,,,,,,,,,,,,,325,6202,0,0.0,0.0,,Neutral
defects,0.0,,,,,,,,,,,,,,,,,,,,,,,,,,,,,,,,,,,,,,,,,,,,,,,132,86,1,0.0,0.0,,Neutral
defend,0.0,,,,,,,,,,,,,,,,,,,,,,,,,,,,,,,,,,,,,,,,,,,,,,,634,506,0,0.0,0.0,,Neutral
delivered to your,0.0,,,,,,,,,,,,,,,,,,,,,,,,,,,,,,,,,,,,,,,,,,,,,,,698,152,0,0.0,0.0,,Neutral
demand,0.0,,,,,,,,,,,,,,,,,,,,,,,,,,,,,,,,,,,,,,,,,,,,,,,427,630,0,0.0,0.0,,Neutral
demonstration,0.0,,,,,,,,,,,,,,,,,,,,,,,,,,,,,,,,,,,,,,,,,,,,,,,554,84,0,0.0,0.0,,Neutral
demonstrations,0.0,,,,,,,,,,,,,,,,,,,,,,,,,,,,,,,,,,,,,,,,,,,,,,,493,96,0,0.0,0.0,,Neutral
demonstrators,0.0,,,,,,,,,,,,,,,,,,,,,,,,,,,,,,,,,,,,,,,,,,,,,,,466,116,0,0.0,0.0,,Neutral
denies,0.0,,,,,,,,,,,,,,,,,,,,,,,,,,,,,,,,,,,,,,,,,,,,,,,482,113,0,0.0,0.0,,Neutral
detected,0.0,,,,,,,,,,,,,,,,,,,,,,,,,,,,,,,,,,,,,,,,,,,,,,,967,849,0,0.0,0.0,,Neutral
did not,0.0,,,,,,,,,,,,,,,,,,,,,,,,,,,,,,,,,,,,,,,,,,,,,,,842,1843,0,0.0,0.0,,Neutral
didnt,0.0,,,,,,,,,,,,,,,,,,,,,,,,,,,,,,,,,,,,,,,,,,,,,,,445,1777,0,0.0,0.0,,Neutral
different,0.0,,,,,,,,,,,,,,,,,,,,,,,,,,,,,,,,,,,,,,,,,,,,,,,630,1328,0,0.0,0.0,,Neutral
director,0.0,,,,,,,,,,,,,,,,,,,,,,,,,,,,,,,,,,,,,,,,,,,,,,,406,1661,0,0.0,0.0,,Neutral
dissent,0.0,,,,,,,,,,,,,,,,,,,,,,,,,,,,,,,,,,,,,,,,,,,,,,,396,506,0,0.0,0.0,,Neutral
do not,0.0,,,,,,,,,,,,,,,,,,,,,,,,,,,,,,,,,,,,,,,,,,,,,,,750,1366,0,0.0,0.0,,Neutral
do not necessarily,0.0,,,,,,,,,,,,,,,,,,,,,,,,,,,,,,,,,,,,,,,,,,,,,,,846,32,0,0.0,0.0,,Neutral
doctor,0.0,,,,,,,,,,,,,,,,,,,,,,,,,,,,,,,,,,,,,,,,,,,,,,,481,2150,0,0.0,0.0,,Neutral
doctors,0.0,,,,,,,,,,,,,,,,,,,,,,,,,,,,,,,,,,,,,,,,,,,,,,,261,4106,0,0.0,0.0,,Neutral
doesnt,0.0,,,,,,,,,,,,,,,,,,,,,,,,,,,,,,,,,,,,,,,,,,,,,,,515,1778,0,0.0,0.0,,Neutral
dollars,0.0,,,,,,,,,,,,,,,,,,,,,,,,,,,,,,,,,,,,,,,,,,,,,,,618,705,0,0.0,0.0,,Neutral
dont,0.0,,,,,,,,,,,,,,,,,,,,,,,,,,,,,,,,,,,,,,,,,,,,,,,230,3853,0,0.0,0.0,,Neutral
dont want to,0.0,,,,,,,,,,,,,,,,,,,,,,,,,,,,,,,,,,,,,,,,,,,,,,,766,245,0,0.0,0.0,,Neutral
drug,0.0,,,,,,,,,,,,,,,,,,,,,,,,,,,,,,,,,,,,,,,,,,,,,,,453,538,0,0.0,0.0,,Neutral
due,0.0,,,,,,,,,,,,,,,,,,,,,,,,,,,,,,,,,,,,,,,,,,,,,,,241,967,0,0.0,0.0,,Neutral
due to,0.0,,,,,,,,,,,,,,,,,,,,,,,,,,,,,,,,,,,,,,,,,,,,,,,670,673,0,0.0,0.0,,Neutral
due to fetal,0.0,,,,,,,,,,,,,,,,,,,,,,,,,,,,,,,,,,,,,,,,,,,,,,,778,25,0,0.0,0.0,,Neutral
during a,0.0,,,,,,,,,,,,,,,,,,,,,,,,,,,,,,,,,,,,,,,,,,,,,,,866,653,0,0.0,0.0,,Neutral
during the,0.0,,,,,,,,,,,,,,,,,,,,,,,,,,,,,,,,,,,,,,,,,,,,,,,726,1535,0,0.0,0.0,,Neutral
early,0.0,,,,,,,,,,,,,,,,,,,,,,,,,,,,,,,,,,,,,,,,,,,,,,,425,1522,0,0.0,0.0,,Neutral
effect,0.0,,,,,,,,,,,,,,,,,,,,,,,,,,,,,,,,,,,,,,,,,,,,,,,267,2600,0,0.0,0.0,,Neutral
election,0.0,,,,,,,,,,,,,,,,,,,,,,,,,,,,,,,,,,,,,,,,,,,,,,,514,1220,0,0.0,0.0,,Neutral
elective,0.0,,,,,,,,,,,,,,,,,,,,,,,,,,,,,,,,,,,,,,,,,,,,,,,53,742,1,1.0,0.0,,Neutral
eligible,0.0,,,,,,,,,,,,,,,,,,,,,,,,,,,,,,,,,,,,,,,,,,,,,,,201,582,0,0.0,0.0,,Neutral
emergency,0.0,,,,,,,,,,,,,,,,,,,,,,,,,,,,,,,,,,,,,,,,,,,,,,,513,1072,0,0.0,0.0,,Neutral
enacted,0.0,,,,,,,,,,,,,,,,,,,,,,,,,,,,,,,,,,,,,,,,,,,,,,,462,661,0,0.0,0.0,,Neutral
entertainment,0.0,,,,,,,,,,,,,,,,,,,,,,,,,,,,,,,,,,,,,,,,,,,,,,,269,82,0,0.0,0.0,,Neutral
essential,0.0,,,,,,,,,,,,,,,,,,,,,,,,,,,,,,,,,,,,,,,,,,,,,,,52,1142,1,1.0,0.0,,Neutral
eugenics,0.0,,,,,,,,,,,,,,,,,,,,,,,,,,,,,,,,,,,,,,,,,,,,,,,617,349,0,0.0,0.0,,Neutral
even,0.0,,,,,,,,,,,,,,,,,,,,,,,,,,,,,,,,,,,,,,,,,,,,,,,247,5778,0,0.0,0.0,,Neutral
every,0.0,,,,,,,,,,,,,,,,,,,,,,,,,,,,,,,,,,,,,,,,,,,,,,,448,2721,0,0.0,0.0,,Neutral
evidence,0.0,,,,,,,,,,,,,,,,,,,,,,,,,,,,,,,,,,,,,,,,,,,,,,,589,1015,0,0.0,0.0,,Neutral
exceptions,0.0,,,,,,,,,,,,,,,,,,,,,,,,,,,,,,,,,,,,,,,,,,,,,,,280,1478,0,0.0,0.0,,Neutral
exceptions for,0.0,,,,,,,,,,,,,,,,,,,,,,,,,,,,,,,,,,,,,,,,,,,,,,,980,700,0,0.0,0.0,,Neutral
executive,0.0,,,,,,,,,,,,,,,,,,,,,,,,,,,,,,,,,,,,,,,,,,,,,,,476,1120,0,0.0,0.0,,Neutral
expected,0.0,,,,,,,,,,,,,,,,,,,,,,,,,,,,,,,,,,,,,,,,,,,,,,,318,712,0,0.0,0.0,,Neutral
expected to,0.0,,,,,,,,,,,,,,,,,,,,,,,,,,,,,,,,,,,,,,,,,,,,,,,899,454,0,0.0,0.0,,Neutral
expressed,0.0,,,,,,,,,,,,,,,,,,,,,,,,,,,,,,,,,,,,,,,,,,,,,,,379,429,0,0.0,0.0,,Neutral
expressed by,0.0,,,,,,,,,,,,,,,,,,,,,,,,,,,,,,,,,,,,,,,,,,,,,,,906,16,0,0.0,0.0,,Neutral
extended,0.0,,,,,,,,,,,,,,,,,,,,,,,,,,,,,,,,,,,,,,,,,,,,,,,238,222,0,0.0,0.0,,Neutral
fact,0.0,,,,,,,,,,,,,,,,,,,,,,,,,,,,,,,,,,,,,,,,,,,,,,,380,2074,0,0.0,0.0,,Neutral
faith,0.0,,,,,,,,,,,,,,,,,,,,,,,,,,,,,,,,,,,,,,,,,,,,,,,73,876,1,1.0,0.0,,Neutral
faithful,0.0,,,,,,,,,,,,,,,,,,,,,,,,,,,,,,,,,,,,,,,,,,,,,,,595,71,0,0.0,0.0,,Neutral
family,0.0,,,,,,,,,,,,,,,,,,,,,,,,,,,,,,,,,,,,,,,,,,,,,,,259,2993,0,0.0,0.0,,Neutral
family planning,1522.0,18.0,15.0,0.0,1.0,43.0,10.0,3.0,50.0,42.0,66.0,58.0,23.0,19.0,1.0,101.0,30.0,0.0,0.0,3.0,9.0,76.0,84.0,10.0,20.0,6.0,4.0,41.0,64.0,132.0,124.0,41.0,28.0,0.0,11.0,47.0,42.0,0.0,8.0,3.0,0.0,27.0,39.0,12.0,72.0,130.0,9.0,8,1522,1,1.0,1.0,-177.0,Left
federal,0.0,,,,,,,,,,,,,,,,,,,,,,,,,,,,,,,,,,,,,,,,,,,,,,,204,5157,0,0.0,0.0,,Neutral
federal appeals court,0.0,,,,,,,,,,,,,,,,,,,,,,,,,,,,,,,,,,,,,,,,,,,,,,,505,254,0,0.0,0.0,,Neutral
feel,0.0,,,,,,,,,,,,,,,,,,,,,,,,,,,,,,,,,,,,,,,,,,,,,,,494,1078,0,0.0,0.0,,Neutral
female,0.0,,,,,,,,,,,,,,,,,,,,,,,,,,,,,,,,,,,,,,,,,,,,,,,106,535,1,1.0,0.0,,Neutral
feminist,0.0,,,,,,,,,,,,,,,,,,,,,,,,,,,,,,,,,,,,,,,,,,,,,,,95,285,1,1.0,0.0,,Neutral
feminists,0.0,,,,,,,,,,,,,,,,,,,,,,,,,,,,,,,,,,,,,,,,,,,,,,,129,142,1,0.0,0.0,,Neutral
fetal,0.0,,,,,,,,,,,,,,,,,,,,,,,,,,,,,,,,,,,,,,,,,,,,,,,145,3063,1,0.0,0.0,,Neutral
fetal abnormalities,136.0,2.0,1.0,1.0,0.0,1.0,2.0,0.0,1.0,2.0,6.0,14.0,6.0,1.0,0.0,15.0,2.0,0.0,0.0,1.0,0.0,6.0,11.0,3.0,1.0,1.0,0.0,0.0,8.0,2.0,3.0,0.0,3.0,3.0,4.0,0.0,2.0,1.0,3.0,1.0,0.0,0.0,1.0,1.0,14.0,8.0,0.0,43,136,1,1.0,1.0,-29.0,Left
fetal defects,0.0,,,,,,,,,,,,,,,,,,,,,,,,,,,,,,,,,,,,,,,,,,,,,,,49,17,1,1.0,1.0,,Neutral
fetal heartbeat,1069.0,17.0,8.0,2.0,0.0,3.0,4.0,0.0,13.0,12.0,89.0,114.0,26.0,1.0,7.0,77.0,29.0,1.0,6.0,2.0,6.0,49.0,28.0,8.0,1.0,1.0,2.0,19.0,38.0,79.0,19.0,28.0,37.0,0.0,6.0,31.0,34.0,3.0,6.0,2.0,0.0,13.0,152.0,6.0,40.0,45.0,5.0,23,1069,1,1.0,1.0,-131.0,Left
fetal remains,423.0,2.0,0.0,0.0,0.0,29.0,7.0,2.0,1.0,3.0,5.0,23.0,3.0,0.0,0.0,86.0,4.0,7.0,3.0,4.0,10.0,28.0,6.0,2.0,0.0,0.0,0.0,6.0,20.0,18.0,12.0,6.0,1.0,1.0,8.0,7.0,11.0,1.0,22.0,0.0,0.0,3.0,45.0,0.0,8.0,28.0,1.0,24,423,1,1.0,1.0,56.0,Right
fetus,2139.0,31.0,51.0,6.0,3.0,7.0,26.0,12.0,30.0,42.0,50.0,89.0,54.0,25.0,23.0,79.0,40.0,11.0,5.0,20.0,96.0,128.0,93.0,14.0,13.0,9.0,2.0,44.0,141.0,62.0,43.0,37.0,134.0,7.0,38.0,82.0,67.0,14.0,61.0,31.0,2.0,11.0,116.0,30.0,95.0,154.0,9.0,11,2139,1,1.0,1.0,-273.0,Left
fetuses with,0.0,,,,,,,,,,,,,,,,,,,,,,,,,,,,,,,,,,,,,,,,,,,,,,,94,35,1,1.0,0.0,,Neutral
fight,0.0,,,,,,,,,,,,,,,,,,,,,,,,,,,,,,,,,,,,,,,,,,,,,,,361,1755,0,0.0,0.0,,Neutral
film,0.0,,,,,,,,,,,,,,,,,,,,,,,,,,,,,,,,,,,,,,,,,,,,,,,405,519,0,0.0,0.0,,Neutral
first,0.0,,,,,,,,,,,,,,,,,,,,,,,,,,,,,,,,,,,,,,,,,,,,,,,556,4732,0,0.0,0.0,,Neutral
five,0.0,,,,,,,,,,,,,,,,,,,,,,,,,,,,,,,,,,,,,,,,,,,,,,,394,1240,0,0.0,0.0,,Neutral
following,0.0,,,,,,,,,,,,,,,,,,,,,,,,,,,,,,,,,,,,,,,,,,,,,,,460,888,0,0.0,0.0,,Neutral
for Biden,0.0,,,,,,,,,,,,,,,,,,,,,,,,,,,,,,,,,,,,,,,,,,,,,,,870,43,0,0.0,0.0,,Neutral
for Life,0.0,,,,,,,,,,,,,,,,,,,,,,,,,,,,,,,,,,,,,,,,,,,,,,,774,1355,0,0.0,0.0,,Neutral
for Reproductive Rights,0.0,,,,,,,,,,,,,,,,,,,,,,,,,,,,,,,,,,,,,,,,,,,,,,,188,694,1,0.0,0.0,,Neutral
for abortion,0.0,,,,,,,,,,,,,,,,,,,,,,,,,,,,,,,,,,,,,,,,,,,,,,,176,1999,1,0.0,0.0,,Neutral
for abortions,0.0,,,,,,,,,,,,,,,,,,,,,,,,,,,,,,,,,,,,,,,,,,,,,,,811,902,0,0.0,0.0,,Neutral
for comment,0.0,,,,,,,,,,,,,,,,,,,,,,,,,,,,,,,,,,,,,,,,,,,,,,,925,412,0,0.0,0.0,,Neutral
for comment from,0.0,,,,,,,,,,,,,,,,,,,,,,,,,,,,,,,,,,,,,,,,,,,,,,,999,106,0,0.0,0.0,,Neutral
for the,0.0,,,,,,,,,,,,,,,,,,,,,,,,,,,,,,,,,,,,,,,,,,,,,,,724,7226,0,0.0,0.0,,Neutral
for women,0.0,,,,,,,,,,,,,,,,,,,,,,,,,,,,,,,,,,,,,,,,,,,,,,,877,1500,0,0.0,0.0,,Neutral
former,0.0,,,,,,,,,,,,,,,,,,,,,,,,,,,,,,,,,,,,,,,,,,,,,,,382,1449,0,0.0,0.0,,Neutral
found,0.0,,,,,,,,,,,,,,,,,,,,,,,,,,,,,,,,,,,,,,,,,,,,,,,502,2260,0,0.0,0.0,,Neutral
four,0.0,,,,,,,,,,,,,,,,,,,,,,,,,,,,,,,,,,,,,,,,,,,,,,,579,1631,0,0.0,0.0,,Neutral
free,0.0,,,,,,,,,,,,,,,,,,,,,,,,,,,,,,,,,,,,,,,,,,,,,,,200,1304,0,0.0,0.0,,Neutral
freedom,0.0,,,,,,,,,,,,,,,,,,,,,,,,,,,,,,,,,,,,,,,,,,,,,,,328,1069,0,0.0,0.0,,Neutral
friend,0.0,,,,,,,,,,,,,,,,,,,,,,,,,,,,,,,,,,,,,,,,,,,,,,,360,306,0,0.0,0.0,,Neutral
friends,0.0,,,,,,,,,,,,,,,,,,,,,,,,,,,,,,,,,,,,,,,,,,,,,,,268,356,0,0.0,0.0,,Neutral
from the,0.0,,,,,,,,,,,,,,,,,,,,,,,,,,,,,,,,,,,,,,,,,,,,,,,882,4161,0,0.0,0.0,,Neutral
front,0.0,,,,,,,,,,,,,,,,,,,,,,,,,,,,,,,,,,,,,,,,,,,,,,,282,697,0,0.0,0.0,,Neutral
front of the,0.0,,,,,,,,,,,,,,,,,,,,,,,,,,,,,,,,,,,,,,,,,,,,,,,754,262,0,0.0,0.0,,Neutral
funded,0.0,,,,,,,,,,,,,,,,,,,,,,,,,,,,,,,,,,,,,,,,,,,,,,,504,716,0,0.0,0.0,,Neutral
funding,0.0,,,,,,,,,,,,,,,,,,,,,,,,,,,,,,,,,,,,,,,,,,,,,,,311,2648,0,0.0,0.0,,Neutral
funding for,0.0,,,,,,,,,,,,,,,,,,,,,,,,,,,,,,,,,,,,,,,,,,,,,,,970,677,0,0.0,0.0,,Neutral
funds,0.0,,,,,,,,,,,,,,,,,,,,,,,,,,,,,,,,,,,,,,,,,,,,,,,458,1437,0,0.0,0.0,,Neutral
gag rule,0.0,,,,,,,,,,,,,,,,,,,,,,,,,,,,,,,,,,,,,,,,,,,,,,,117,525,1,1.0,0.0,,Neutral
gathered,0.0,,,,,,,,,,,,,,,,,,,,,,,,,,,,,,,,,,,,,,,,,,,,,,,435,156,0,0.0,0.0,,Neutral
gatherings,0.0,,,,,,,,,,,,,,,,,,,,,,,,,,,,,,,,,,,,,,,,,,,,,,,558,59,0,0.0,0.0,,Neutral
get,0.0,,,,,,,,,,,,,,,,,,,,,,,,,,,,,,,,,,,,,,,,,,,,,,,253,4668,0,0.0,0.0,,Neutral
go,0.0,,,,,,,,,,,,,,,,,,,,,,,,,,,,,,,,,,,,,,,,,,,,,,,501,2785,0,0.0,0.0,,Neutral
goes into effect,0.0,,,,,,,,,,,,,,,,,,,,,,,,,,,,,,,,,,,,,,,,,,,,,,,918,86,0,0.0,0.0,,Neutral
going to,0.0,,,,,,,,,,,,,,,,,,,,,,,,,,,,,,,,,,,,,,,,,,,,,,,727,2318,0,0.0,0.0,,Neutral
good,0.0,,,,,,,,,,,,,,,,,,,,,,,,,,,,,,,,,,,,,,,,,,,,,,,339,1402,0,0.0,0.0,,Neutral
got,0.0,,,,,,,,,,,,,,,,,,,,,,,,,,,,,,,,,,,,,,,,,,,,,,,587,1115,0,0.0,0.0,,Neutral
government,0.0,,,,,,,,,,,,,,,,,,,,,,,,,,,,,,,,,,,,,,,,,,,,,,,209,2956,0,0.0,0.0,,Neutral
governor,0.0,,,,,,,,,,,,,,,,,,,,,,,,,,,,,,,,,,,,,,,,,,,,,,,381,1557,0,0.0,0.0,,Neutral
grounds,0.0,,,,,,,,,,,,,,,,,,,,,,,,,,,,,,,,,,,,,,,,,,,,,,,407,287,0,0.0,0.0,,Neutral
group,0.0,,,,,,,,,,,,,,,,,,,,,,,,,,,,,,,,,,,,,,,,,,,,,,,383,2870,0,0.0,0.0,,Neutral
groups,0.0,,,,,,,,,,,,,,,,,,,,,,,,,,,,,,,,,,,,,,,,,,,,,,,284,3184,0,0.0,0.0,,Neutral
growing,0.0,,,,,,,,,,,,,,,,,,,,,,,,,,,,,,,,,,,,,,,,,,,,,,,286,452,0,0.0,0.0,,Neutral
growth,0.0,,,,,,,,,,,,,,,,,,,,,,,,,,,,,,,,,,,,,,,,,,,,,,,552,146,0,0.0,0.0,,Neutral
had to,0.0,,,,,,,,,,,,,,,,,,,,,,,,,,,,,,,,,,,,,,,,,,,,,,,930,784,0,0.0,0.0,,Neutral
happening,0.0,,,,,,,,,,,,,,,,,,,,,,,,,,,,,,,,,,,,,,,,,,,,,,,276,423,0,0.0,0.0,,Neutral
happening now,0.0,,,,,,,,,,,,,,,,,,,,,,,,,,,,,,,,,,,,,,,,,,,,,,,706,57,0,0.0,0.0,,Neutral
has been,0.0,,,,,,,,,,,,,,,,,,,,,,,,,,,,,,,,,,,,,,,,,,,,,,,740,3022,0,0.0,0.0,,Neutral
have a,0.0,,,,,,,,,,,,,,,,,,,,,,,,,,,,,,,,,,,,,,,,,,,,,,,948,2021,0,0.0,0.0,,Neutral
have a baby,0.0,,,,,,,,,,,,,,,,,,,,,,,,,,,,,,,,,,,,,,,,,,,,,,,109,82,1,1.0,0.0,,Neutral
have been,0.0,,,,,,,,,,,,,,,,,,,,,,,,,,,,,,,,,,,,,,,,,,,,,,,823,2940,0,0.0,0.0,,Neutral
have to,0.0,,,,,,,,,,,,,,,,,,,,,,,,,,,,,,,,,,,,,,,,,,,,,,,875,2120,0,0.0,0.0,,Neutral
have too many,0.0,,,,,,,,,,,,,,,,,,,,,,,,,,,,,,,,,,,,,,,,,,,,,,,858,22,0,0.0,0.0,,Neutral
he will,0.0,,,,,,,,,,,,,,,,,,,,,,,,,,,,,,,,,,,,,,,,,,,,,,,758,275,0,0.0,0.0,,Neutral
head,0.0,,,,,,,,,,,,,,,,,,,,,,,,,,,,,,,,,,,,,,,,,,,,,,,437,530,0,0.0,0.0,,Neutral
head of,0.0,,,,,,,,,,,,,,,,,,,,,,,,,,,,,,,,,,,,,,,,,,,,,,,977,201,0,0.0,0.0,,Neutral
health,0.0,,,,,,,,,,,,,,,,,,,,,,,,,,,,,,,,,,,,,,,,,,,,,,,151,11755,1,0.0,0.0,,Neutral
health care,0.0,,,,,,,,,,,,,,,,,,,,,,,,,,,,,,,,,,,,,,,,,,,,,,,119,3821,1,1.0,0.0,,Neutral
hearing,0.0,,,,,,,,,,,,,,,,,,,,,,,,,,,,,,,,,,,,,,,,,,,,,,,397,1064,0,0.0,0.0,,Neutral
heartbeat,0.0,,,,,,,,,,,,,,,,,,,,,,,,,,,,,,,,,,,,,,,,,,,,,,,158,2746,1,0.0,0.0,,Neutral
heartbeat bill,642.0,5.0,2.0,6.0,0.0,0.0,4.0,0.0,4.0,3.0,35.0,83.0,12.0,0.0,0.0,51.0,15.0,0.0,3.0,6.0,3.0,49.0,16.0,1.0,3.0,2.0,2.0,7.0,31.0,28.0,20.0,10.0,8.0,0.0,9.0,14.0,32.0,1.0,2.0,1.0,0.0,6.0,96.0,1.0,43.0,28.0,0.0,45,642,1,1.0,1.0,-35.0,Left
help,0.0,,,,,,,,,,,,,,,,,,,,,,,,,,,,,,,,,,,,,,,,,,,,,,,487,1986,0,0.0,0.0,,Neutral
here and here,0.0,,,,,,,,,,,,,,,,,,,,,,,,,,,,,,,,,,,,,,,,,,,,,,,998,72,0,0.0,0.0,,Neutral
his support for,0.0,,,,,,,,,,,,,,,,,,,,,,,,,,,,,,,,,,,,,,,,,,,,,,,889,133,0,0.0,0.0,,Neutral
hold,0.0,,,,,,,,,,,,,,,,,,,,,,,,,,,,,,,,,,,,,,,,,,,,,,,606,823,0,0.0,0.0,,Neutral
hold a,0.0,,,,,,,,,,,,,,,,,,,,,,,,,,,,,,,,,,,,,,,,,,,,,,,916,99,0,0.0,0.0,,Neutral
home,0.0,,,,,,,,,,,,,,,,,,,,,,,,,,,,,,,,,,,,,,,,,,,,,,,393,1586,0,0.0,0.0,,Neutral
hospital,0.0,,,,,,,,,,,,,,,,,,,,,,,,,,,,,,,,,,,,,,,,,,,,,,,503,1764,0,0.0,0.0,,Neutral
hospitals,0.0,,,,,,,,,,,,,,,,,,,,,,,,,,,,,,,,,,,,,,,,,,,,,,,236,894,0,0.0,0.0,,Neutral
human,0.0,,,,,,,,,,,,,,,,,,,,,,,,,,,,,,,,,,,,,,,,,,,,,,,66,2716,1,1.0,0.0,,Neutral
human life,559.0,2.0,4.0,6.0,0.0,1.0,2.0,0.0,24.0,4.0,3.0,12.0,3.0,4.0,2.0,51.0,8.0,2.0,10.0,0.0,42.0,36.0,11.0,5.0,8.0,0.0,1.0,5.0,97.0,8.0,15.0,0.0,6.0,1.0,41.0,16.0,41.0,4.0,3.0,14.0,4.0,2.0,23.0,1.0,16.0,21.0,0.0,44,559,1,1.0,1.0,262.0,Right
human rights,0.0,,,,,,,,,,,,,,,,,,,,,,,,,,,,,,,,,,,,,,,,,,,,,,,118,518,1,1.0,0.0,,Neutral
idea,0.0,,,,,,,,,,,,,,,,,,,,,,,,,,,,,,,,,,,,,,,,,,,,,,,193,940,0,0.0,0.0,,Neutral
illegal,0.0,,,,,,,,,,,,,,,,,,,,,,,,,,,,,,,,,,,,,,,,,,,,,,,354,1589,0,0.0,0.0,,Neutral
important,0.0,,,,,,,,,,,,,,,,,,,,,,,,,,,,,,,,,,,,,,,,,,,,,,,615,1459,0,0.0,0.0,,Neutral
imposes,0.0,,,,,,,,,,,,,,,,,,,,,,,,,,,,,,,,,,,,,,,,,,,,,,,242,168,0,0.0,0.0,,Neutral
imposes a,0.0,,,,,,,,,,,,,,,,,,,,,,,,,,,,,,,,,,,,,,,,,,,,,,,686,56,0,0.0,0.0,,Neutral
in Alabama,0.0,,,,,,,,,,,,,,,,,,,,,,,,,,,,,,,,,,,,,,,,,,,,,,,837,762,0,0.0,0.0,,Neutral
in America,0.0,,,,,,,,,,,,,,,,,,,,,,,,,,,,,,,,,,,,,,,,,,,,,,,737,573,0,0.0,0.0,,Neutral
in Australia,0.0,,,,,,,,,,,,,,,,,,,,,,,,,,,,,,,,,,,,,,,,,,,,,,,865,42,0,0.0,0.0,,Neutral
in Buenos Aires,0.0,,,,,,,,,,,,,,,,,,,,,,,,,,,,,,,,,,,,,,,,,,,,,,,894,28,0,0.0,0.0,,Neutral
in England,0.0,,,,,,,,,,,,,,,,,,,,,,,,,,,,,,,,,,,,,,,,,,,,,,,976,95,0,0.0,0.0,,Neutral
in Ireland,0.0,,,,,,,,,,,,,,,,,,,,,,,,,,,,,,,,,,,,,,,,,,,,,,,863,204,0,0.0,0.0,,Neutral
in Mexico,0.0,,,,,,,,,,,,,,,,,,,,,,,,,,,,,,,,,,,,,,,,,,,,,,,719,51,0,0.0,0.0,,Neutral
in Northern Ireland,0.0,,,,,,,,,,,,,,,,,,,,,,,,,,,,,,,,,,,,,,,,,,,,,,,771,238,0,0.0,0.0,,Neutral
in Poland,0.0,,,,,,,,,,,,,,,,,,,,,,,,,,,,,,,,,,,,,,,,,,,,,,,650,91,0,0.0,0.0,,Neutral
in Texas,0.0,,,,,,,,,,,,,,,,,,,,,,,,,,,,,,,,,,,,,,,,,,,,,,,912,904,0,0.0,0.0,,Neutral
in Warsaw,0.0,,,,,,,,,,,,,,,,,,,,,,,,,,,,,,,,,,,,,,,,,,,,,,,677,33,0,0.0,0.0,,Neutral
in a,0.0,,,,,,,,,,,,,,,,,,,,,,,,,,,,,,,,,,,,,,,,,,,,,,,728,7153,0,0.0,0.0,,Neutral
in a statement,0.0,,,,,,,,,,,,,,,,,,,,,,,,,,,,,,,,,,,,,,,,,,,,,,,761,1506,0,0.0,0.0,,Neutral
in cases,0.0,,,,,,,,,,,,,,,,,,,,,,,,,,,,,,,,,,,,,,,,,,,,,,,788,924,0,0.0,0.0,,Neutral
in cases of,0.0,,,,,,,,,,,,,,,,,,,,,,,,,,,,,,,,,,,,,,,,,,,,,,,908,629,0,0.0,0.0,,Neutral
in court,0.0,,,,,,,,,,,,,,,,,,,,,,,,,,,,,,,,,,,,,,,,,,,,,,,888,677,0,0.0,0.0,,Neutral
in front of,0.0,,,,,,,,,,,,,,,,,,,,,,,,,,,,,,,,,,,,,,,,,,,,,,,700,394,0,0.0,0.0,,Neutral
in prison,0.0,,,,,,,,,,,,,,,,,,,,,,,,,,,,,,,,,,,,,,,,,,,,,,,780,606,0,0.0,0.0,,Neutral
in recent,0.0,,,,,,,,,,,,,,,,,,,,,,,,,,,,,,,,,,,,,,,,,,,,,,,965,501,0,0.0,0.0,,Neutral
in the,0.0,,,,,,,,,,,,,,,,,,,,,,,,,,,,,,,,,,,,,,,,,,,,,,,693,21162,0,0.0,0.0,,Neutral
in the US,0.0,,,,,,,,,,,,,,,,,,,,,,,,,,,,,,,,,,,,,,,,,,,,,,,785,341,0,0.0,0.0,,Neutral
in the United,0.0,,,,,,,,,,,,,,,,,,,,,,,,,,,,,,,,,,,,,,,,,,,,,,,840,1337,0,0.0,0.0,,Neutral
in the case,0.0,,,,,,,,,,,,,,,,,,,,,,,,,,,,,,,,,,,,,,,,,,,,,,,991,561,0,0.0,0.0,,Neutral
in the state,0.0,,,,,,,,,,,,,,,,,,,,,,,,,,,,,,,,,,,,,,,,,,,,,,,853,1561,0,0.0,0.0,,Neutral
in the womb,0.0,,,,,,,,,,,,,,,,,,,,,,,,,,,,,,,,,,,,,,,,,,,,,,,191,418,1,0.0,0.0,,Neutral
incest,0.0,,,,,,,,,,,,,,,,,,,,,,,,,,,,,,,,,,,,,,,,,,,,,,,703,1904,0,0.0,0.0,,Neutral
including,0.0,,,,,,,,,,,,,,,,,,,,,,,,,,,,,,,,,,,,,,,,,,,,,,,342,3841,0,0.0,0.0,,Neutral
incremental,0.0,,,,,,,,,,,,,,,,,,,,,,,,,,,,,,,,,,,,,,,,,,,,,,,500,155,0,0.0,0.0,,Neutral
indispensable,0.0,,,,,,,,,,,,,,,,,,,,,,,,,,,,,,,,,,,,,,,,,,,,,,,335,89,0,0.0,0.0,,Neutral
industry,0.0,,,,,,,,,,,,,,,,,,,,,,,,,,,,,,,,,,,,,,,,,,,,,,,549,609,0,0.0,0.0,,Neutral
infant,981.0,0.0,7.0,8.0,0.0,0.0,7.0,0.0,18.0,0.0,21.0,35.0,12.0,1.0,2.0,161.0,15.0,1.0,4.0,1.0,67.0,117.0,8.0,4.0,29.0,1.0,0.0,1.0,121.0,21.0,7.0,5.0,12.0,0.0,56.0,10.0,83.0,2.0,9.0,17.0,0.0,0.0,28.0,1.0,43.0,46.0,0.0,17,981,1,1.0,1.0,489.0,Right
infant would be,0.0,,,,,,,,,,,,,,,,,,,,,,,,,,,,,,,,,,,,,,,,,,,,,,,763,524,0,0.0,0.0,,Neutral
infanticide,830.0,2.0,14.0,3.0,0.0,0.0,2.0,0.0,16.0,4.0,8.0,10.0,8.0,1.0,0.0,155.0,8.0,0.0,10.0,1.0,41.0,122.0,7.0,0.0,15.0,5.0,0.0,2.0,89.0,10.0,8.0,2.0,10.0,0.0,66.0,15.0,47.0,1.0,3.0,40.0,0.0,1.0,13.0,2.0,48.0,39.0,2.0,14,830,1,1.0,1.0,450.0,Right
infants,0.0,,,,,,,,,,,,,,,,,,,,,,,,,,,,,,,,,,,,,,,,,,,,,,,169,481,1,0.0,0.0,,Neutral
infections,0.0,,,,,,,,,,,,,,,,,,,,,,,,,,,,,,,,,,,,,,,,,,,,,,,603,106,0,0.0,0.0,,Neutral
information,0.0,,,,,,,,,,,,,,,,,,,,,,,,,,,,,,,,,,,,,,,,,,,,,,,483,1343,0,0.0,0.0,,Neutral
initiative,0.0,,,,,,,,,,,,,,,,,,,,,,,,,,,,,,,,,,,,,,,,,,,,,,,642,141,0,0.0,0.0,,Neutral
innocent,0.0,,,,,,,,,,,,,,,,,,,,,,,,,,,,,,,,,,,,,,,,,,,,,,,622,432,0,0.0,0.0,,Neutral
inside,0.0,,,,,,,,,,,,,,,,,,,,,,,,,,,,,,,,,,,,,,,,,,,,,,,283,425,0,0.0,0.0,,Neutral
institutions,0.0,,,,,,,,,,,,,,,,,,,,,,,,,,,,,,,,,,,,,,,,,,,,,,,337,169,0,0.0,0.0,,Neutral
insurance,0.0,,,,,,,,,,,,,,,,,,,,,,,,,,,,,,,,,,,,,,,,,,,,,,,80,828,1,1.0,0.0,,Neutral
into effect,0.0,,,,,,,,,,,,,,,,,,,,,,,,,,,,,,,,,,,,,,,,,,,,,,,816,848,0,0.0,0.0,,Neutral
introduced,0.0,,,,,,,,,,,,,,,,,,,,,,,,,,,,,,,,,,,,,,,,,,,,,,,496,838,0,0.0,0.0,,Neutral
is a,0.0,,,,,,,,,,,,,,,,,,,,,,,,,,,,,,,,,,,,,,,,,,,,,,,716,5244,0,0.0,0.0,,Neutral
is available,0.0,,,,,,,,,,,,,,,,,,,,,,,,,,,,,,,,,,,,,,,,,,,,,,,658,588,0,0.0,0.0,,Neutral
is essential,0.0,,,,,,,,,,,,,,,,,,,,,,,,,,,,,,,,,,,,,,,,,,,,,,,969,154,0,0.0,0.0,,Neutral
is more than,0.0,,,,,,,,,,,,,,,,,,,,,,,,,,,,,,,,,,,,,,,,,,,,,,,898,159,0,0.0,0.0,,Neutral
is not,0.0,,,,,,,,,,,,,,,,,,,,,,,,,,,,,,,,,,,,,,,,,,,,,,,793,2848,0,0.0,0.0,,Neutral
is one of,0.0,,,,,,,,,,,,,,,,,,,,,,,,,,,,,,,,,,,,,,,,,,,,,,,746,527,0,0.0,0.0,,Neutral
is protected,0.0,,,,,,,,,,,,,,,,,,,,,,,,,,,,,,,,,,,,,,,,,,,,,,,665,289,0,0.0,0.0,,Neutral
is that,0.0,,,,,,,,,,,,,,,,,,,,,,,,,,,,,,,,,,,,,,,,,,,,,,,843,1446,0,0.0,0.0,,Neutral
is the,0.0,,,,,,,,,,,,,,,,,,,,,,,,,,,,,,,,,,,,,,,,,,,,,,,801,2946,0,0.0,0.0,,Neutral
isnt,0.0,,,,,,,,,,,,,,,,,,,,,,,,,,,,,,,,,,,,,,,,,,,,,,,637,1201,0,0.0,0.0,,Neutral
issue,0.0,,,,,,,,,,,,,,,,,,,,,,,,,,,,,,,,,,,,,,,,,,,,,,,240,4269,0,0.0,0.0,,Neutral
issued,0.0,,,,,,,,,,,,,,,,,,,,,,,,,,,,,,,,,,,,,,,,,,,,,,,507,989,0,0.0,0.0,,Neutral
issues,0.0,,,,,,,,,,,,,,,,,,,,,,,,,,,,,,,,,,,,,,,,,,,,,,,412,1691,0,0.0,0.0,,Neutral
it is,0.0,,,,,,,,,,,,,,,,,,,,,,,,,,,,,,,,,,,,,,,,,,,,,,,844,2870,0,0.0,0.0,,Neutral
it was,0.0,,,,,,,,,,,,,,,,,,,,,,,,,,,,,,,,,,,,,,,,,,,,,,,764,2047,0,0.0,0.0,,Neutral
it with,0.0,,,,,,,,,,,,,,,,,,,,,,,,,,,,,,,,,,,,,,,,,,,,,,,767,109,0,0.0,0.0,,Neutral
it with a,0.0,,,,,,,,,,,,,,,,,,,,,,,,,,,,,,,,,,,,,,,,,,,,,,,824,24,0,0.0,0.0,,Neutral
judge,0.0,,,,,,,,,,,,,,,,,,,,,,,,,,,,,,,,,,,,,,,,,,,,,,,310,1984,0,0.0,0.0,,Neutral
judges,0.0,,,,,,,,,,,,,,,,,,,,,,,,,,,,,,,,,,,,,,,,,,,,,,,480,1366,0,0.0,0.0,,Neutral
justice,0.0,,,,,,,,,,,,,,,,,,,,,,,,,,,,,,,,,,,,,,,,,,,,,,,365,1316,0,0.0,0.0,,Neutral
justices,0.0,,,,,,,,,,,,,,,,,,,,,,,,,,,,,,,,,,,,,,,,,,,,,,,217,2083,0,0.0,0.0,,Neutral
kill,676.0,2.0,5.0,1.0,1.0,0.0,3.0,0.0,13.0,3.0,2.0,18.0,4.0,0.0,0.0,53.0,21.0,0.0,6.0,1.0,65.0,34.0,11.0,3.0,30.0,1.0,0.0,5.0,68.0,9.0,8.0,13.0,14.0,0.0,93.0,17.0,55.0,17.0,8.0,19.0,1.0,1.0,21.0,6.0,29.0,14.0,0.0,6,676,1,1.0,1.0,330.0,Right
killing,0.0,,,,,,,,,,,,,,,,,,,,,,,,,,,,,,,,,,,,,,,,,,,,,,,162,739,1,0.0,0.0,,Neutral
know,0.0,,,,,,,,,,,,,,,,,,,,,,,,,,,,,,,,,,,,,,,,,,,,,,,263,3816,0,0.0,0.0,,Neutral
large,0.0,,,,,,,,,,,,,,,,,,,,,,,,,,,,,,,,,,,,,,,,,,,,,,,262,1009,0,0.0,0.0,,Neutral
last,0.0,,,,,,,,,,,,,,,,,,,,,,,,,,,,,,,,,,,,,,,,,,,,,,,309,4111,0,0.0,0.0,,Neutral
late,0.0,,,,,,,,,,,,,,,,,,,,,,,,,,,,,,,,,,,,,,,,,,,,,,,295,2298,0,0.0,0.0,,Neutral
late term,0.0,,,,,,,,,,,,,,,,,,,,,,,,,,,,,,,,,,,,,,,,,,,,,,,133,1265,1,0.0,0.0,,Neutral
late term abortion,0.0,,,,,,,,,,,,,,,,,,,,,,,,,,,,,,,,,,,,,,,,,,,,,,,50,664,1,1.0,1.0,,Neutral
law,0.0,,,,,,,,,,,,,,,,,,,,,,,,,,,,,,,,,,,,,,,,,,,,,,,55,15818,1,1.0,0.0,,Neutral
law in,0.0,,,,,,,,,,,,,,,,,,,,,,,,,,,,,,,,,,,,,,,,,,,,,,,873,862,0,0.0,0.0,,Neutral
lawmaker,0.0,,,,,,,,,,,,,,,,,,,,,,,,,,,,,,,,,,,,,,,,,,,,,,,638,160,0,0.0,0.0,,Neutral
lawmakers,0.0,,,,,,,,,,,,,,,,,,,,,,,,,,,,,,,,,,,,,,,,,,,,,,,265,1768,0,0.0,0.0,,Neutral
laws,0.0,,,,,,,,,,,,,,,,,,,,,,,,,,,,,,,,,,,,,,,,,,,,,,,216,6362,0,0.0,0.0,,Neutral
lawsuit,0.0,,,,,,,,,,,,,,,,,,,,,,,,,,,,,,,,,,,,,,,,,,,,,,,474,1059,0,0.0,0.0,,Neutral
lawyers,0.0,,,,,,,,,,,,,,,,,,,,,,,,,,,,,,,,,,,,,,,,,,,,,,,530,407,0,0.0,0.0,,Neutral
leader,0.0,,,,,,,,,,,,,,,,,,,,,,,,,,,,,,,,,,,,,,,,,,,,,,,367,424,0,0.0,0.0,,Neutral
leaders,0.0,,,,,,,,,,,,,,,,,,,,,,,,,,,,,,,,,,,,,,,,,,,,,,,441,891,0,0.0,0.0,,Neutral
left,0.0,,,,,,,,,,,,,,,,,,,,,,,,,,,,,,,,,,,,,,,,,,,,,,,314,1866,0,0.0,0.0,,Neutral
legacy,0.0,,,,,,,,,,,,,,,,,,,,,,,,,,,,,,,,,,,,,,,,,,,,,,,545,160,0,0.0,0.0,,Neutral
legal,0.0,,,,,,,,,,,,,,,,,,,,,,,,,,,,,,,,,,,,,,,,,,,,,,,214,6114,0,0.0,0.0,,Neutral
legislation,0.0,,,,,,,,,,,,,,,,,,,,,,,,,,,,,,,,,,,,,,,,,,,,,,,279,3829,0,0.0,0.0,,Neutral
letter,0.0,,,,,,,,,,,,,,,,,,,,,,,,,,,,,,,,,,,,,,,,,,,,,,,518,886,0,0.0,0.0,,Neutral
liberal,0.0,,,,,,,,,,,,,,,,,,,,,,,,,,,,,,,,,,,,,,,,,,,,,,,369,1011,0,0.0,0.0,,Neutral
liberty,0.0,,,,,,,,,,,,,,,,,,,,,,,,,,,,,,,,,,,,,,,,,,,,,,,306,351,0,0.0,0.0,,Neutral
license,0.0,,,,,,,,,,,,,,,,,,,,,,,,,,,,,,,,,,,,,,,,,,,,,,,317,848,0,0.0,0.0,,Neutral
life,0.0,,,,,,,,,,,,,,,,,,,,,,,,,,,,,,,,,,,,,,,,,,,,,,,137,12564,1,0.0,0.0,,Neutral
life is,0.0,,,,,,,,,,,,,,,,,,,,,,,,,,,,,,,,,,,,,,,,,,,,,,,814,724,0,0.0,0.0,,Neutral
likely,0.0,,,,,,,,,,,,,,,,,,,,,,,,,,,,,,,,,,,,,,,,,,,,,,,410,2156,0,0.0,0.0,,Neutral
likely to,0.0,,,,,,,,,,,,,,,,,,,,,,,,,,,,,,,,,,,,,,,,,,,,,,,964,1009,0,0.0,0.0,,Neutral
lives,0.0,,,,,,,,,,,,,,,,,,,,,,,,,,,,,,,,,,,,,,,,,,,,,,,83,1875,1,1.0,0.0,,Neutral
low,0.0,,,,,,,,,,,,,,,,,,,,,,,,,,,,,,,,,,,,,,,,,,,,,,,628,1104,0,0.0,0.0,,Neutral
lower,0.0,,,,,,,,,,,,,,,,,,,,,,,,,,,,,,,,,,,,,,,,,,,,,,,486,910,0,0.0,0.0,,Neutral
made,0.0,,,,,,,,,,,,,,,,,,,,,,,,,,,,,,,,,,,,,,,,,,,,,,,356,3307,0,0.0,0.0,,Neutral
majority,0.0,,,,,,,,,,,,,,,,,,,,,,,,,,,,,,,,,,,,,,,,,,,,,,,294,2451,0,0.0,0.0,,Neutral
make,0.0,,,,,,,,,,,,,,,,,,,,,,,,,,,,,,,,,,,,,,,,,,,,,,,387,5180,0,0.0,0.0,,Neutral
male,0.0,,,,,,,,,,,,,,,,,,,,,,,,,,,,,,,,,,,,,,,,,,,,,,,320,365,0,0.0,0.0,,Neutral
man,0.0,,,,,,,,,,,,,,,,,,,,,,,,,,,,,,,,,,,,,,,,,,,,,,,384,860,0,0.0,0.0,,Neutral
managed,0.0,,,,,,,,,,,,,,,,,,,,,,,,,,,,,,,,,,,,,,,,,,,,,,,475,295,0,0.0,0.0,,Neutral
mandate,0.0,,,,,,,,,,,,,,,,,,,,,,,,,,,,,,,,,,,,,,,,,,,,,,,78,418,1,1.0,0.0,,Neutral
many of,0.0,,,,,,,,,,,,,,,,,,,,,,,,,,,,,,,,,,,,,,,,,,,,,,,803,653,0,0.0,0.0,,Neutral
mass,0.0,,,,,,,,,,,,,,,,,,,,,,,,,,,,,,,,,,,,,,,,,,,,,,,346,223,0,0.0,0.0,,Neutral
maternal,570.0,14.0,5.0,4.0,0.0,1.0,7.0,0.0,4.0,6.0,5.0,38.0,48.0,7.0,0.0,30.0,83.0,1.0,2.0,0.0,18.0,15.0,38.0,4.0,2.0,3.0,0.0,4.0,38.0,32.0,10.0,0.0,7.0,0.0,13.0,6.0,9.0,3.0,11.0,1.0,0.0,2.0,14.0,7.0,29.0,48.0,0.0,38,570,1,1.0,1.0,-123.0,Left
matter,0.0,,,,,,,,,,,,,,,,,,,,,,,,,,,,,,,,,,,,,,,,,,,,,,,431,1439,0,0.0,0.0,,Neutral
mean,0.0,,,,,,,,,,,,,,,,,,,,,,,,,,,,,,,,,,,,,,,,,,,,,,,471,952,0,0.0,0.0,,Neutral
means,0.0,,,,,,,,,,,,,,,,,,,,,,,,,,,,,,,,,,,,,,,,,,,,,,,573,1410,0,0.0,0.0,,Neutral
measure,0.0,,,,,,,,,,,,,,,,,,,,,,,,,,,,,,,,,,,,,,,,,,,,,,,454,1343,0,0.0,0.0,,Neutral
media,0.0,,,,,,,,,,,,,,,,,,,,,,,,,,,,,,,,,,,,,,,,,,,,,,,245,1249,0,0.0,0.0,,Neutral
medical,0.0,,,,,,,,,,,,,,,,,,,,,,,,,,,,,,,,,,,,,,,,,,,,,,,157,5503,1,0.0,0.0,,Neutral
medical abortion,208.0,2.0,0.0,0.0,0.0,1.0,0.0,4.0,4.0,21.0,2.0,27.0,2.0,50.0,0.0,3.0,10.0,3.0,0.0,2.0,8.0,1.0,16.0,0.0,1.0,0.0,0.0,0.0,9.0,4.0,7.0,2.0,0.0,0.0,4.0,1.0,0.0,0.0,2.0,0.0,0.0,0.0,3.0,2.0,8.0,9.0,0.0,7,208,1,1.0,1.0,-56.0,Left
medication,0.0,,,,,,,,,,,,,,,,,,,,,,,,,,,,,,,,,,,,,,,,,,,,,,,161,1135,1,0.0,0.0,,Neutral
medication abortion,479.0,0.0,3.0,0.0,0.0,0.0,0.0,0.0,16.0,15.0,31.0,35.0,20.0,1.0,0.0,9.0,16.0,0.0,0.0,2.0,4.0,13.0,7.0,3.0,0.0,25.0,0.0,31.0,9.0,28.0,26.0,4.0,11.0,0.0,4.0,1.0,2.0,0.0,2.0,0.0,0.0,0.0,27.0,80.0,31.0,23.0,0.0,21,479,1,1.0,1.0,-223.0,Left
meet,0.0,,,,,,,,,,,,,,,,,,,,,,,,,,,,,,,,,,,,,,,,,,,,,,,312,643,0,0.0,0.0,,Neutral
member,0.0,,,,,,,,,,,,,,,,,,,,,,,,,,,,,,,,,,,,,,,,,,,,,,,366,704,0,0.0,0.0,,Neutral
men,0.0,,,,,,,,,,,,,,,,,,,,,,,,,,,,,,,,,,,,,,,,,,,,,,,70,1403,1,1.0,0.0,,Neutral
might,0.0,,,,,,,,,,,,,,,,,,,,,,,,,,,,,,,,,,,,,,,,,,,,,,,417,2008,0,0.0,0.0,,Neutral
million,0.0,,,,,,,,,,,,,,,,,,,,,,,,,,,,,,,,,,,,,,,,,,,,,,,273,1731,0,0.0,0.0,,Neutral
minister,0.0,,,,,,,,,,,,,,,,,,,,,,,,,,,,,,,,,,,,,,,,,,,,,,,457,205,0,0.0,0.0,,Neutral
money,0.0,,,,,,,,,,,,,,,,,,,,,,,,,,,,,,,,,,,,,,,,,,,,,,,523,1365,0,0.0,0.0,,Neutral
moral,0.0,,,,,,,,,,,,,,,,,,,,,,,,,,,,,,,,,,,,,,,,,,,,,,,71,1033,1,1.0,0.0,,Neutral
more than,0.0,,,,,,,,,,,,,,,,,,,,,,,,,,,,,,,,,,,,,,,,,,,,,,,907,2503,0,0.0,0.0,,Neutral
mother,2633.0,23.0,9.0,13.0,5.0,2.0,15.0,6.0,50.0,40.0,85.0,123.0,22.0,11.0,6.0,285.0,49.0,18.0,5.0,8.0,190.0,243.0,114.0,12.0,38.0,5.0,6.0,25.0,247.0,36.0,48.0,33.0,66.0,2.0,141.0,31.0,179.0,8.0,19.0,32.0,3.0,15.0,87.0,13.0,80.0,175.0,8.0,12,2633,1,1.0,1.0,695.0,Right
mothers,0.0,,,,,,,,,,,,,,,,,,,,,,,,,,,,,,,,,,,,,,,,,,,,,,,355,1638,0,0.0,0.0,,Neutral
movement,0.0,,,,,,,,,,,,,,,,,,,,,,,,,,,,,,,,,,,,,,,,,,,,,,,250,2148,0,0.0,0.0,,Neutral
much,0.0,,,,,,,,,,,,,,,,,,,,,,,,,,,,,,,,,,,,,,,,,,,,,,,326,2495,0,0.0,0.0,,Neutral
murder,778.0,3.0,13.0,0.0,0.0,1.0,5.0,0.0,12.0,11.0,12.0,23.0,28.0,4.0,6.0,37.0,39.0,0.0,4.0,1.0,50.0,26.0,56.0,5.0,48.0,23.0,1.0,3.0,25.0,6.0,14.0,24.0,22.0,0.0,20.0,34.0,43.0,11.0,18.0,11.0,1.0,6.0,29.0,4.0,46.0,52.0,1.0,10,778,1,1.0,1.0,-30.0,Left
must,0.0,,,,,,,,,,,,,,,,,,,,,,,,,,,,,,,,,,,,,,,,,,,,,,,433,2265,0,0.0,0.0,,Neutral
name,0.0,,,,,,,,,,,,,,,,,,,,,,,,,,,,,,,,,,,,,,,,,,,,,,,517,788,0,0.0,0.0,,Neutral
national,0.0,,,,,,,,,,,,,,,,,,,,,,,,,,,,,,,,,,,,,,,,,,,,,,,560,1358,0,0.0,0.0,,Neutral
nationalist,0.0,,,,,,,,,,,,,,,,,,,,,,,,,,,,,,,,,,,,,,,,,,,,,,,415,43,0,0.0,0.0,,Neutral
nationwide,0.0,,,,,,,,,,,,,,,,,,,,,,,,,,,,,,,,,,,,,,,,,,,,,,,368,865,0,0.0,0.0,,Neutral
near,0.0,,,,,,,,,,,,,,,,,,,,,,,,,,,,,,,,,,,,,,,,,,,,,,,212,839,0,0.0,0.0,,Neutral
near total,0.0,,,,,,,,,,,,,,,,,,,,,,,,,,,,,,,,,,,,,,,,,,,,,,,207,453,0,0.0,0.0,,Neutral
near total ban,0.0,,,,,,,,,,,,,,,,,,,,,,,,,,,,,,,,,,,,,,,,,,,,,,,61,217,1,1.0,0.0,,Neutral
necessarily,0.0,,,,,,,,,,,,,,,,,,,,,,,,,,,,,,,,,,,,,,,,,,,,,,,404,232,0,0.0,0.0,,Neutral
need,0.0,,,,,,,,,,,,,,,,,,,,,,,,,,,,,,,,,,,,,,,,,,,,,,,403,2970,0,0.0,0.0,,Neutral
never,0.0,,,,,,,,,,,,,,,,,,,,,,,,,,,,,,,,,,,,,,,,,,,,,,,350,2055,0,0.0,0.0,,Neutral
next,0.0,,,,,,,,,,,,,,,,,,,,,,,,,,,,,,,,,,,,,,,,,,,,,,,572,1353,0,0.0,0.0,,Neutral
nomination,0.0,,,,,,,,,,,,,,,,,,,,,,,,,,,,,,,,,,,,,,,,,,,,,,,485,458,0,0.0,0.0,,Neutral
nominee,0.0,,,,,,,,,,,,,,,,,,,,,,,,,,,,,,,,,,,,,,,,,,,,,,,336,603,0,0.0,0.0,,Neutral
non,0.0,,,,,,,,,,,,,,,,,,,,,,,,,,,,,,,,,,,,,,,,,,,,,,,473,1115,0,0.0,0.0,,Neutral
not be,0.0,,,,,,,,,,,,,,,,,,,,,,,,,,,,,,,,,,,,,,,,,,,,,,,968,1620,0,0.0,0.0,,Neutral
not be in,0.0,,,,,,,,,,,,,,,,,,,,,,,,,,,,,,,,,,,,,,,,,,,,,,,994,81,0,0.0,0.0,,Neutral
not necessarily,0.0,,,,,,,,,,,,,,,,,,,,,,,,,,,,,,,,,,,,,,,,,,,,,,,817,91,0,0.0,0.0,,Neutral
noted,0.0,,,,,,,,,,,,,,,,,,,,,,,,,,,,,,,,,,,,,,,,,,,,,,,597,942,0,0.0,0.0,,Neutral
of Americans,0.0,,,,,,,,,,,,,,,,,,,,,,,,,,,,,,,,,,,,,,,,,,,,,,,988,908,0,0.0,0.0,,Neutral
of Americas,0.0,,,,,,,,,,,,,,,,,,,,,,,,,,,,,,,,,,,,,,,,,,,,,,,710,103,0,0.0,0.0,,Neutral
of a,0.0,,,,,,,,,,,,,,,,,,,,,,,,,,,,,,,,,,,,,,,,,,,,,,,851,5135,0,0.0,0.0,,Neutral
of abortion,0.0,,,,,,,,,,,,,,,,,,,,,,,,,,,,,,,,,,,,,,,,,,,,,,,179,3604,1,0.0,0.0,,Neutral
of fetuses,0.0,,,,,,,,,,,,,,,,,,,,,,,,,,,,,,,,,,,,,,,,,,,,,,,910,60,0,0.0,0.0,,Neutral
of fetuses with,0.0,,,,,,,,,,,,,,,,,,,,,,,,,,,,,,,,,,,,,,,,,,,,,,,192,17,1,0.0,0.0,,Neutral
of life,0.0,,,,,,,,,,,,,,,,,,,,,,,,,,,,,,,,,,,,,,,,,,,,,,,951,591,0,0.0,0.0,,Neutral
of more than,0.0,,,,,,,,,,,,,,,,,,,,,,,,,,,,,,,,,,,,,,,,,,,,,,,950,140,0,0.0,0.0,,Neutral
of our,0.0,,,,,,,,,,,,,,,,,,,,,,,,,,,,,,,,,,,,,,,,,,,,,,,679,1339,0,0.0,0.0,,Neutral
of pregnancy,0.0,,,,,,,,,,,,,,,,,,,,,,,,,,,,,,,,,,,,,,,,,,,,,,,830,1667,0,0.0,0.0,,Neutral
of rape,0.0,,,,,,,,,,,,,,,,,,,,,,,,,,,,,,,,,,,,,,,,,,,,,,,775,1128,0,0.0,0.0,,Neutral
of the,0.0,,,,,,,,,,,,,,,,,,,,,,,,,,,,,,,,,,,,,,,,,,,,,,,645,25860,0,0.0,0.0,,Neutral
of the Catholic,0.0,,,,,,,,,,,,,,,,,,,,,,,,,,,,,,,,,,,,,,,,,,,,,,,958,80,0,0.0,0.0,,Neutral
of the Poor,0.0,,,,,,,,,,,,,,,,,,,,,,,,,,,,,,,,,,,,,,,,,,,,,,,812,91,0,0.0,0.0,,Neutral
of the few,0.0,,,,,,,,,,,,,,,,,,,,,,,,,,,,,,,,,,,,,,,,,,,,,,,909,67,0,0.0,0.0,,Neutral
of this,0.0,,,,,,,,,,,,,,,,,,,,,,,,,,,,,,,,,,,,,,,,,,,,,,,934,1380,0,0.0,0.0,,Neutral
of this article,0.0,,,,,,,,,,,,,,,,,,,,,,,,,,,,,,,,,,,,,,,,,,,,,,,848,97,0,0.0,0.0,,Neutral
of use,0.0,,,,,,,,,,,,,,,,,,,,,,,,,,,,,,,,,,,,,,,,,,,,,,,986,73,0,0.0,0.0,,Neutral
of women,0.0,,,,,,,,,,,,,,,,,,,,,,,,,,,,,,,,,,,,,,,,,,,,,,,828,1681,0,0.0,0.0,,Neutral
off with,0.0,,,,,,,,,,,,,,,,,,,,,,,,,,,,,,,,,,,,,,,,,,,,,,,782,48,0,0.0,0.0,,Neutral
office,0.0,,,,,,,,,,,,,,,,,,,,,,,,,,,,,,,,,,,,,,,,,,,,,,,551,1561,0,0.0,0.0,,Neutral
officials,0.0,,,,,,,,,,,,,,,,,,,,,,,,,,,,,,,,,,,,,,,,,,,,,,,489,1164,0,0.0,0.0,,Neutral
often,0.0,,,,,,,,,,,,,,,,,,,,,,,,,,,,,,,,,,,,,,,,,,,,,,,522,1641,0,0.0,0.0,,Neutral
old,0.0,,,,,,,,,,,,,,,,,,,,,,,,,,,,,,,,,,,,,,,,,,,,,,,358,1732,0,0.0,0.0,,Neutral
on April,0.0,,,,,,,,,,,,,,,,,,,,,,,,,,,,,,,,,,,,,,,,,,,,,,,896,125,0,0.0,0.0,,Neutral
on Friday,0.0,,,,,,,,,,,,,,,,,,,,,,,,,,,,,,,,,,,,,,,,,,,,,,,802,533,0,0.0,0.0,,Neutral
on March,0.0,,,,,,,,,,,,,,,,,,,,,,,,,,,,,,,,,,,,,,,,,,,,,,,983,174,0,0.0,0.0,,Neutral
on Monday,0.0,,,,,,,,,,,,,,,,,,,,,,,,,,,,,,,,,,,,,,,,,,,,,,,862,580,0,0.0,0.0,,Neutral
on Thursday,0.0,,,,,,,,,,,,,,,,,,,,,,,,,,,,,,,,,,,,,,,,,,,,,,,736,459,0,0.0,0.0,,Neutral
on Twitter,0.0,,,,,,,,,,,,,,,,,,,,,,,,,,,,,,,,,,,,,,,,,,,,,,,674,1119,0,0.0,0.0,,Neutral
on Twitter at,0.0,,,,,,,,,,,,,,,,,,,,,,,,,,,,,,,,,,,,,,,,,,,,,,,749,105,0,0.0,0.0,,Neutral
on abortion,0.0,,,,,,,,,,,,,,,,,,,,,,,,,,,,,,,,,,,,,,,,,,,,,,,172,3780,1,0.0,0.0,,Neutral
on abortion in,0.0,,,,,,,,,,,,,,,,,,,,,,,,,,,,,,,,,,,,,,,,,,,,,,,174,214,1,0.0,0.0,,Neutral
on abortions,0.0,,,,,,,,,,,,,,,,,,,,,,,,,,,,,,,,,,,,,,,,,,,,,,,982,376,0,0.0,0.0,,Neutral
on the,0.0,,,,,,,,,,,,,,,,,,,,,,,,,,,,,,,,,,,,,,,,,,,,,,,707,9229,0,0.0,0.0,,Neutral
on the coronavirus,0.0,,,,,,,,,,,,,,,,,,,,,,,,,,,,,,,,,,,,,,,,,,,,,,,734,98,0,0.0,0.0,,Neutral
one,0.0,,,,,,,,,,,,,,,,,,,,,,,,,,,,,,,,,,,,,,,,,,,,,,,239,10075,0,0.0,0.0,,Neutral
one of,0.0,,,,,,,,,,,,,,,,,,,,,,,,,,,,,,,,,,,,,,,,,,,,,,,826,2893,0,0.0,0.0,,Neutral
opinion,0.0,,,,,,,,,,,,,,,,,,,,,,,,,,,,,,,,,,,,,,,,,,,,,,,287,1666,0,0.0,0.0,,Neutral
opinion and,0.0,,,,,,,,,,,,,,,,,,,,,,,,,,,,,,,,,,,,,,,,,,,,,,,723,77,0,0.0,0.0,,Neutral
opinions,0.0,,,,,,,,,,,,,,,,,,,,,,,,,,,,,,,,,,,,,,,,,,,,,,,364,300,0,0.0,0.0,,Neutral
opponents,0.0,,,,,,,,,,,,,,,,,,,,,,,,,,,,,,,,,,,,,,,,,,,,,,,386,1136,0,0.0,0.0,,Neutral
opportunities,0.0,,,,,,,,,,,,,,,,,,,,,,,,,,,,,,,,,,,,,,,,,,,,,,,203,583,0,0.0,0.0,,Neutral
opposition,0.0,,,,,,,,,,,,,,,,,,,,,,,,,,,,,,,,,,,,,,,,,,,,,,,490,728,0,0.0,0.0,,Neutral
or a,0.0,,,,,,,,,,,,,,,,,,,,,,,,,,,,,,,,,,,,,,,,,,,,,,,971,479,0,0.0,0.0,,Neutral
or a threat,0.0,,,,,,,,,,,,,,,,,,,,,,,,,,,,,,,,,,,,,,,,,,,,,,,946,32,0,0.0,0.0,,Neutral
order,0.0,,,,,,,,,,,,,,,,,,,,,,,,,,,,,,,,,,,,,,,,,,,,,,,229,2679,0,0.0,0.0,,Neutral
organisation,0.0,,,,,,,,,,,,,,,,,,,,,,,,,,,,,,,,,,,,,,,,,,,,,,,348,115,0,0.0,0.0,,Neutral
original,0.0,,,,,,,,,,,,,,,,,,,,,,,,,,,,,,,,,,,,,,,,,,,,,,,220,714,0,0.0,0.0,,Neutral
other states,0.0,,,,,,,,,,,,,,,,,,,,,,,,,,,,,,,,,,,,,,,,,,,,,,,952,813,0,0.0,0.0,,Neutral
others,0.0,,,,,,,,,,,,,,,,,,,,,,,,,,,,,,,,,,,,,,,,,,,,,,,550,1166,0,0.0,0.0,,Neutral
out of,0.0,,,,,,,,,,,,,,,,,,,,,,,,,,,,,,,,,,,,,,,,,,,,,,,975,2300,0,0.0,0.0,,Neutral
outside,0.0,,,,,,,,,,,,,,,,,,,,,,,,,,,,,,,,,,,,,,,,,,,,,,,378,1650,0,0.0,0.0,,Neutral
outside the,0.0,,,,,,,,,,,,,,,,,,,,,,,,,,,,,,,,,,,,,,,,,,,,,,,792,780,0,0.0,0.0,,Neutral
overturn,0.0,,,,,,,,,,,,,,,,,,,,,,,,,,,,,,,,,,,,,,,,,,,,,,,574,1386,0,0.0,0.0,,Neutral
own and,0.0,,,,,,,,,,,,,,,,,,,,,,,,,,,,,,,,,,,,,,,,,,,,,,,829,34,0,0.0,0.0,,Neutral
own and do,0.0,,,,,,,,,,,,,,,,,,,,,,,,,,,,,,,,,,,,,,,,,,,,,,,920,15,0,0.0,0.0,,Neutral
pandemic,0.0,,,,,,,,,,,,,,,,,,,,,,,,,,,,,,,,,,,,,,,,,,,,,,,231,1416,0,0.0,0.0,,Neutral
parental,0.0,,,,,,,,,,,,,,,,,,,,,,,,,,,,,,,,,,,,,,,,,,,,,,,631,293,0,0.0,0.0,,Neutral
parents,0.0,,,,,,,,,,,,,,,,,,,,,,,,,,,,,,,,,,,,,,,,,,,,,,,97,737,1,1.0,0.0,,Neutral
parliament,0.0,,,,,,,,,,,,,,,,,,,,,,,,,,,,,,,,,,,,,,,,,,,,,,,506,153,0,0.0,0.0,,Neutral
part of,0.0,,,,,,,,,,,,,,,,,,,,,,,,,,,,,,,,,,,,,,,,,,,,,,,949,1932,0,0.0,0.0,,Neutral
party,0.0,,,,,,,,,,,,,,,,,,,,,,,,,,,,,,,,,,,,,,,,,,,,,,,234,1816,0,0.0,0.0,,Neutral
passed,0.0,,,,,,,,,,,,,,,,,,,,,,,,,,,,,,,,,,,,,,,,,,,,,,,233,3781,0,0.0,0.0,,Neutral
past,0.0,,,,,,,,,,,,,,,,,,,,,,,,,,,,,,,,,,,,,,,,,,,,,,,492,1519,0,0.0,0.0,,Neutral
patient,0.0,,,,,,,,,,,,,,,,,,,,,,,,,,,,,,,,,,,,,,,,,,,,,,,96,1305,1,1.0,0.0,,Neutral
patients,0.0,,,,,,,,,,,,,,,,,,,,,,,,,,,,,,,,,,,,,,,,,,,,,,,153,4833,1,0.0,0.0,,Neutral
pay,0.0,,,,,,,,,,,,,,,,,,,,,,,,,,,,,,,,,,,,,,,,,,,,,,,375,1218,0,0.0,0.0,,Neutral
per cent of,0.0,,,,,,,,,,,,,,,,,,,,,,,,,,,,,,,,,,,,,,,,,,,,,,,995,34,0,0.0,0.0,,Neutral
percent of,0.0,,,,,,,,,,,,,,,,,,,,,,,,,,,,,,,,,,,,,,,,,,,,,,,681,2049,0,0.0,0.0,,Neutral
perform,0.0,,,,,,,,,,,,,,,,,,,,,,,,,,,,,,,,,,,,,,,,,,,,,,,526,1805,0,0.0,0.0,,Neutral
person,0.0,,,,,,,,,,,,,,,,,,,,,,,,,,,,,,,,,,,,,,,,,,,,,,,372,1811,0,0.0,0.0,,Neutral
personal,0.0,,,,,,,,,,,,,,,,,,,,,,,,,,,,,,,,,,,,,,,,,,,,,,,566,1245,0,0.0,0.0,,Neutral
photo,0.0,,,,,,,,,,,,,,,,,,,,,,,,,,,,,,,,,,,,,,,,,,,,,,,330,290,0,0.0,0.0,,Neutral
pill,0.0,,,,,,,,,,,,,,,,,,,,,,,,,,,,,,,,,,,,,,,,,,,,,,,82,627,1,1.0,0.0,,Neutral
pills,0.0,,,,,,,,,,,,,,,,,,,,,,,,,,,,,,,,,,,,,,,,,,,,,,,156,994,1,0.0,0.0,,Neutral
point,0.0,,,,,,,,,,,,,,,,,,,,,,,,,,,,,,,,,,,,,,,,,,,,,,,422,1953,0,0.0,0.0,,Neutral
police,0.0,,,,,,,,,,,,,,,,,,,,,,,,,,,,,,,,,,,,,,,,,,,,,,,218,689,0,0.0,0.0,,Neutral
policy,0.0,,,,,,,,,,,,,,,,,,,,,,,,,,,,,,,,,,,,,,,,,,,,,,,376,2454,0,0.0,0.0,,Neutral
political,0.0,,,,,,,,,,,,,,,,,,,,,,,,,,,,,,,,,,,,,,,,,,,,,,,228,2750,0,0.0,0.0,,Neutral
politicians,0.0,,,,,,,,,,,,,,,,,,,,,,,,,,,,,,,,,,,,,,,,,,,,,,,370,1323,0,0.0,0.0,,Neutral
politics,0.0,,,,,,,,,,,,,,,,,,,,,,,,,,,,,,,,,,,,,,,,,,,,,,,421,962,0,0.0,0.0,,Neutral
poor,0.0,,,,,,,,,,,,,,,,,,,,,,,,,,,,,,,,,,,,,,,,,,,,,,,434,842,0,0.0,0.0,,Neutral
population,0.0,,,,,,,,,,,,,,,,,,,,,,,,,,,,,,,,,,,,,,,,,,,,,,,341,520,0,0.0,0.0,,Neutral
populations,0.0,,,,,,,,,,,,,,,,,,,,,,,,,,,,,,,,,,,,,,,,,,,,,,,388,119,0,0.0,0.0,,Neutral
populations that,0.0,,,,,,,,,,,,,,,,,,,,,,,,,,,,,,,,,,,,,,,,,,,,,,,917,20,0,0.0,0.0,,Neutral
position,0.0,,,,,,,,,,,,,,,,,,,,,,,,,,,,,,,,,,,,,,,,,,,,,,,635,1713,0,0.0,0.0,,Neutral
post,0.0,,,,,,,,,,,,,,,,,,,,,,,,,,,,,,,,,,,,,,,,,,,,,,,477,732,0,0.0,0.0,,Neutral
power,0.0,,,,,,,,,,,,,,,,,,,,,,,,,,,,,,,,,,,,,,,,,,,,,,,609,970,0,0.0,0.0,,Neutral
practice,0.0,,,,,,,,,,,,,,,,,,,,,,,,,,,,,,,,,,,,,,,,,,,,,,,447,902,0,0.0,0.0,,Neutral
precedent,0.0,,,,,,,,,,,,,,,,,,,,,,,,,,,,,,,,,,,,,,,,,,,,,,,77,1439,1,1.0,0.0,,Neutral
predominantly,0.0,,,,,,,,,,,,,,,,,,,,,,,,,,,,,,,,,,,,,,,,,,,,,,,331,67,0,0.0,0.0,,Neutral
predominantly Catholic,0.0,,,,,,,,,,,,,,,,,,,,,,,,,,,,,,,,,,,,,,,,,,,,,,,516,21,0,0.0,0.0,,Neutral
pregnancies,0.0,,,,,,,,,,,,,,,,,,,,,,,,,,,,,,,,,,,,,,,,,,,,,,,163,1552,1,0.0,0.0,,Neutral
pregnancy,7353.0,61.0,69.0,8.0,3.0,26.0,93.0,17.0,113.0,172.0,306.0,379.0,204.0,86.0,22.0,360.0,216.0,52.0,25.0,40.0,229.0,347.0,410.0,75.0,36.0,46.0,19.0,152.0,501.0,307.0,270.0,122.0,261.0,18.0,173.0,154.0,145.0,14.0,112.0,34.0,5.0,29.0,325.0,262.0,487.0,531.0,26.0,5,7353,1,1.0,1.0,-1278.0,Left
pregnant,0.0,,,,,,,,,,,,,,,,,,,,,,,,,,,,,,,,,,,,,,,,,,,,,,,120,3693,1,0.0,0.0,,Neutral
presidency,0.0,,,,,,,,,,,,,,,,,,,,,,,,,,,,,,,,,,,,,,,,,,,,,,,345,203,0,0.0,0.0,,Neutral
president,0.0,,,,,,,,,,,,,,,,,,,,,,,,,,,,,,,,,,,,,,,,,,,,,,,274,3694,0,0.0,0.0,,Neutral
president of,0.0,,,,,,,,,,,,,,,,,,,,,,,,,,,,,,,,,,,,,,,,,,,,,,,993,1041,0,0.0,0.0,,Neutral
presidential,0.0,,,,,,,,,,,,,,,,,,,,,,,,,,,,,,,,,,,,,,,,,,,,,,,316,1435,0,0.0,0.0,,Neutral
price,0.0,,,,,,,,,,,,,,,,,,,,,,,,,,,,,,,,,,,,,,,,,,,,,,,194,249,0,0.0,0.0,,Neutral
priest,0.0,,,,,,,,,,,,,,,,,,,,,,,,,,,,,,,,,,,,,,,,,,,,,,,588,98,0,0.0,0.0,,Neutral
prime,0.0,,,,,,,,,,,,,,,,,,,,,,,,,,,,,,,,,,,,,,,,,,,,,,,532,117,0,0.0,0.0,,Neutral
prime minister,0.0,,,,,,,,,,,,,,,,,,,,,,,,,,,,,,,,,,,,,,,,,,,,,,,524,61,0,0.0,0.0,,Neutral
private,0.0,,,,,,,,,,,,,,,,,,,,,,,,,,,,,,,,,,,,,,,,,,,,,,,300,702,0,0.0,0.0,,Neutral
pro abortion,977.0,6.0,1.0,3.0,4.0,1.0,10.0,0.0,42.0,24.0,34.0,15.0,1.0,1.0,0.0,158.0,0.0,1.0,8.0,0.0,70.0,73.0,12.0,1.0,34.0,0.0,0.0,1.0,132.0,13.0,5.0,8.0,3.0,1.0,78.0,10.0,128.0,1.0,0.0,9.0,9.0,0.0,16.0,3.0,29.0,28.0,2.0,9,977,1,1.0,1.0,615.0,Right
pro choice,1734.0,3.0,42.0,13.0,1.0,1.0,28.0,5.0,39.0,16.0,14.0,34.0,41.0,18.0,4.0,131.0,45.0,11.0,4.0,23.0,97.0,155.0,121.0,10.0,2.0,5.0,4.0,46.0,183.0,11.0,27.0,26.0,39.0,0.0,71.0,57.0,91.0,9.0,39.0,22.0,2.0,5.0,43.0,34.0,43.0,114.0,2.0,19,1734,1,1.0,1.0,194.0,Right
pro life,4849.0,12.0,13.0,68.0,10.0,7.0,16.0,0.0,200.0,48.0,63.0,102.0,12.0,14.0,11.0,562.0,42.0,18.0,56.0,22.0,442.0,608.0,98.0,16.0,51.0,9.0,4.0,75.0,776.0,65.0,84.0,64.0,53.0,6.0,256.0,95.0,254.0,22.0,59.0,52.0,26.0,5.0,131.0,13.0,60.0,242.0,1.0,0,4849,1,1.0,1.0,2452.0,Right
pro life movement,0.0,,,,,,,,,,,,,,,,,,,,,,,,,,,,,,,,,,,,,,,,,,,,,,,166,440,1,0.0,0.0,,Neutral
pro lifers,0.0,,,,,,,,,,,,,,,,,,,,,,,,,,,,,,,,,,,,,,,,,,,,,,,164,467,1,0.0,0.0,,Neutral
problem,0.0,,,,,,,,,,,,,,,,,,,,,,,,,,,,,,,,,,,,,,,,,,,,,,,585,731,0,0.0,0.0,,Neutral
procedure,0.0,,,,,,,,,,,,,,,,,,,,,,,,,,,,,,,,,,,,,,,,,,,,,,,124,4142,1,0.0,0.0,,Neutral
procedures,0.0,,,,,,,,,,,,,,,,,,,,,,,,,,,,,,,,,,,,,,,,,,,,,,,324,1819,0,0.0,0.0,,Neutral
process,0.0,,,,,,,,,,,,,,,,,,,,,,,,,,,,,,,,,,,,,,,,,,,,,,,632,1172,0,0.0,0.0,,Neutral
professor,0.0,,,,,,,,,,,,,,,,,,,,,,,,,,,,,,,,,,,,,,,,,,,,,,,576,528,0,0.0,0.0,,Neutral
program,0.0,,,,,,,,,,,,,,,,,,,,,,,,,,,,,,,,,,,,,,,,,,,,,,,249,1358,0,0.0,0.0,,Neutral
programming,0.0,,,,,,,,,,,,,,,,,,,,,,,,,,,,,,,,,,,,,,,,,,,,,,,624,80,0,0.0,0.0,,Neutral
protected by,0.0,,,,,,,,,,,,,,,,,,,,,,,,,,,,,,,,,,,,,,,,,,,,,,,671,318,0,0.0,0.0,,Neutral
protecting,0.0,,,,,,,,,,,,,,,,,,,,,,,,,,,,,,,,,,,,,,,,,,,,,,,629,874,0,0.0,0.0,,Neutral
protest,0.0,,,,,,,,,,,,,,,,,,,,,,,,,,,,,,,,,,,,,,,,,,,,,,,60,576,1,1.0,0.0,,Neutral
protest against,0.0,,,,,,,,,,,,,,,,,,,,,,,,,,,,,,,,,,,,,,,,,,,,,,,692,54,0,0.0,0.0,,Neutral
protesters,0.0,,,,,,,,,,,,,,,,,,,,,,,,,,,,,,,,,,,,,,,,,,,,,,,210,632,0,0.0,0.0,,Neutral
protests,0.0,,,,,,,,,,,,,,,,,,,,,,,,,,,,,,,,,,,,,,,,,,,,,,,140,374,1,0.0,0.0,,Neutral
provide,0.0,,,,,,,,,,,,,,,,,,,,,,,,,,,,,,,,,,,,,,,,,,,,,,,254,3236,0,0.0,0.0,,Neutral
provide a,0.0,,,,,,,,,,,,,,,,,,,,,,,,,,,,,,,,,,,,,,,,,,,,,,,662,610,0,0.0,0.0,,Neutral
provider,0.0,,,,,,,,,,,,,,,,,,,,,,,,,,,,,,,,,,,,,,,,,,,,,,,570,1228,0,0.0,0.0,,Neutral
providers,0.0,,,,,,,,,,,,,,,,,,,,,,,,,,,,,,,,,,,,,,,,,,,,,,,64,3640,1,1.0,0.0,,Neutral
provision,0.0,,,,,,,,,,,,,,,,,,,,,,,,,,,,,,,,,,,,,,,,,,,,,,,641,557,0,0.0,0.0,,Neutral
public,0.0,,,,,,,,,,,,,,,,,,,,,,,,,,,,,,,,,,,,,,,,,,,,,,,281,3233,0,0.0,0.0,,Neutral
published,0.0,,,,,,,,,,,,,,,,,,,,,,,,,,,,,,,,,,,,,,,,,,,,,,,613,579,0,0.0,0.0,,Neutral
put,0.0,,,,,,,,,,,,,,,,,,,,,,,,,,,,,,,,,,,,,,,,,,,,,,,543,1841,0,0.0,0.0,,Neutral
question,0.0,,,,,,,,,,,,,,,,,,,,,,,,,,,,,,,,,,,,,,,,,,,,,,,557,1699,0,0.0,0.0,,Neutral
radical,0.0,,,,,,,,,,,,,,,,,,,,,,,,,,,,,,,,,,,,,,,,,,,,,,,478,562,0,0.0,0.0,,Neutral
rally,0.0,,,,,,,,,,,,,,,,,,,,,,,,,,,,,,,,,,,,,,,,,,,,,,,491,690,0,0.0,0.0,,Neutral
rape,0.0,,,,,,,,,,,,,,,,,,,,,,,,,,,,,,,,,,,,,,,,,,,,,,,160,2682,1,0.0,0.0,,Neutral
rape or incest,851.0,9.0,12.0,0.0,0.0,3.0,5.0,4.0,5.0,20.0,66.0,67.0,20.0,3.0,3.0,48.0,26.0,3.0,1.0,3.0,5.0,38.0,22.0,1.0,2.0,0.0,1.0,11.0,9.0,54.0,44.0,20.0,30.0,5.0,3.0,26.0,15.0,7.0,13.0,1.0,0.0,5.0,90.0,12.0,71.0,65.0,3.0,37,851,1,1.0,1.0,-215.0,Left
rate,0.0,,,,,,,,,,,,,,,,,,,,,,,,,,,,,,,,,,,,,,,,,,,,,,,465,803,0,0.0,0.0,,Neutral
really,0.0,,,,,,,,,,,,,,,,,,,,,,,,,,,,,,,,,,,,,,,,,,,,,,,319,2083,0,0.0,0.0,,Neutral
recent,0.0,,,,,,,,,,,,,,,,,,,,,,,,,,,,,,,,,,,,,,,,,,,,,,,594,1963,0,0.0,0.0,,Neutral
record,0.0,,,,,,,,,,,,,,,,,,,,,,,,,,,,,,,,,,,,,,,,,,,,,,,423,948,0,0.0,0.0,,Neutral
referendum,0.0,,,,,,,,,,,,,,,,,,,,,,,,,,,,,,,,,,,,,,,,,,,,,,,409,276,0,0.0,0.0,,Neutral
regulations,0.0,,,,,,,,,,,,,,,,,,,,,,,,,,,,,,,,,,,,,,,,,,,,,,,580,1171,0,0.0,0.0,,Neutral
religious,0.0,,,,,,,,,,,,,,,,,,,,,,,,,,,,,,,,,,,,,,,,,,,,,,,155,1986,1,0.0,0.0,,Neutral
religious liberty,133.0,0.0,3.0,12.0,1.0,1.0,3.0,0.0,5.0,2.0,0.0,1.0,0.0,0.0,0.0,8.0,0.0,0.0,6.0,0.0,3.0,3.0,7.0,0.0,0.0,1.0,0.0,1.0,21.0,0.0,4.0,5.0,1.0,1.0,4.0,3.0,1.0,0.0,3.0,2.0,9.0,0.0,0.0,5.0,10.0,7.0,0.0,28,133,1,1.0,1.0,23.0,Right
remains,0.0,,,,,,,,,,,,,,,,,,,,,,,,,,,,,,,,,,,,,,,,,,,,,,,235,1251,0,0.0,0.0,,Neutral
remarks,0.0,,,,,,,,,,,,,,,,,,,,,,,,,,,,,,,,,,,,,,,,,,,,,,,420,493,0,0.0,0.0,,Neutral
repeal,0.0,,,,,,,,,,,,,,,,,,,,,,,,,,,,,,,,,,,,,,,,,,,,,,,527,753,0,0.0,0.0,,Neutral
report,0.0,,,,,,,,,,,,,,,,,,,,,,,,,,,,,,,,,,,,,,,,,,,,,,,305,1457,0,0.0,0.0,,Neutral
reporting,0.0,,,,,,,,,,,,,,,,,,,,,,,,,,,,,,,,,,,,,,,,,,,,,,,411,398,0,0.0,0.0,,Neutral
reporting on the,0.0,,,,,,,,,,,,,,,,,,,,,,,,,,,,,,,,,,,,,,,,,,,,,,,731,96,0,0.0,0.0,,Neutral
represent,0.0,,,,,,,,,,,,,,,,,,,,,,,,,,,,,,,,,,,,,,,,,,,,,,,428,275,0,0.0,0.0,,Neutral
represent the,0.0,,,,,,,,,,,,,,,,,,,,,,,,,,,,,,,,,,,,,,,,,,,,,,,789,86,0,0.0,0.0,,Neutral
reproductive,0.0,,,,,,,,,,,,,,,,,,,,,,,,,,,,,,,,,,,,,,,,,,,,,,,152,4631,1,0.0,0.0,,Neutral
reproductive health,1520.0,39.0,20.0,1.0,2.0,5.0,3.0,7.0,35.0,50.0,66.0,146.0,81.0,33.0,1.0,97.0,59.0,2.0,4.0,3.0,17.0,40.0,76.0,15.0,4.0,13.0,13.0,36.0,50.0,79.0,65.0,20.0,25.0,0.0,17.0,32.0,21.0,1.0,14.0,3.0,1.0,2.0,66.0,42.0,128.0,83.0,2.0,18,1520,1,1.0,1.0,-448.0,Left
reproductive justice,207.0,1.0,9.0,0.0,0.0,0.0,0.0,0.0,4.0,14.0,2.0,3.0,17.0,4.0,0.0,5.0,11.0,0.0,4.0,0.0,3.0,3.0,6.0,0.0,1.0,0.0,17.0,7.0,8.0,11.0,1.0,0.0,2.0,0.0,2.0,9.0,4.0,0.0,2.0,0.0,0.0,0.0,2.0,7.0,32.0,16.0,0.0,32,207,1,1.0,1.0,-98.0,Left
reproductive rights,1659.0,21.0,29.0,3.0,3.0,1.0,8.0,2.0,19.0,58.0,57.0,77.0,141.0,15.0,9.0,58.0,54.0,8.0,12.0,4.0,11.0,51.0,143.0,32.0,6.0,30.0,33.0,45.0,47.0,48.0,57.0,16.0,44.0,6.0,12.0,54.0,23.0,6.0,35.0,1.0,0.0,7.0,63.0,26.0,197.0,78.0,5.0,13,1659,1,1.0,1.0,-750.0,Left
require,0.0,,,,,,,,,,,,,,,,,,,,,,,,,,,,,,,,,,,,,,,,,,,,,,,562,1089,0,0.0,0.0,,Neutral
research,0.0,,,,,,,,,,,,,,,,,,,,,,,,,,,,,,,,,,,,,,,,,,,,,,,495,1169,0,0.0,0.0,,Neutral
restrictions,0.0,,,,,,,,,,,,,,,,,,,,,,,,,,,,,,,,,,,,,,,,,,,,,,,134,3751,1,0.0,0.0,,Neutral
restrictive,0.0,,,,,,,,,,,,,,,,,,,,,,,,,,,,,,,,,,,,,,,,,,,,,,,121,1219,1,0.0,0.0,,Neutral
restrictive abortion,0.0,,,,,,,,,,,,,,,,,,,,,,,,,,,,,,,,,,,,,,,,,,,,,,,112,575,1,1.0,0.0,,Neutral
result,0.0,,,,,,,,,,,,,,,,,,,,,,,,,,,,,,,,,,,,,,,,,,,,,,,602,1248,0,0.0,0.0,,Neutral
results,0.0,,,,,,,,,,,,,,,,,,,,,,,,,,,,,,,,,,,,,,,,,,,,,,,419,421,0,0.0,0.0,,Neutral
right,0.0,,,,,,,,,,,,,,,,,,,,,,,,,,,,,,,,,,,,,,,,,,,,,,,205,8764,0,0.0,0.0,,Neutral
right to,0.0,,,,,,,,,,,,,,,,,,,,,,,,,,,,,,,,,,,,,,,,,,,,,,,712,4699,0,0.0,0.0,,Neutral
right to an,0.0,,,,,,,,,,,,,,,,,,,,,,,,,,,,,,,,,,,,,,,,,,,,,,,887,530,0,0.0,0.0,,Neutral
right to life,343.0,1.0,2.0,0.0,0.0,0.0,1.0,1.0,22.0,3.0,10.0,12.0,2.0,15.0,0.0,19.0,6.0,2.0,3.0,0.0,25.0,26.0,17.0,1.0,4.0,2.0,0.0,3.0,29.0,6.0,8.0,4.0,16.0,0.0,11.0,14.0,11.0,4.0,2.0,6.0,5.0,1.0,14.0,3.0,6.0,23.0,0.0,48,343,1,1.0,1.0,63.0,Right
right wing,0.0,,,,,,,,,,,,,,,,,,,,,,,,,,,,,,,,,,,,,,,,,,,,,,,373,258,0,0.0,0.0,,Neutral
rights,0.0,,,,,,,,,,,,,,,,,,,,,,,,,,,,,,,,,,,,,,,,,,,,,,,150,11563,1,0.0,0.0,,Neutral
rights activists,0.0,,,,,,,,,,,,,,,,,,,,,,,,,,,,,,,,,,,,,,,,,,,,,,,590,325,0,0.0,0.0,,Neutral
rights advocates,0.0,,,,,,,,,,,,,,,,,,,,,,,,,,,,,,,,,,,,,,,,,,,,,,,472,721,0,0.0,0.0,,Neutral
rights groups,0.0,,,,,,,,,,,,,,,,,,,,,,,,,,,,,,,,,,,,,,,,,,,,,,,605,519,0,0.0,0.0,,Neutral
risk,0.0,,,,,,,,,,,,,,,,,,,,,,,,,,,,,,,,,,,,,,,,,,,,,,,93,1697,1,1.0,0.0,,Neutral
rule,0.0,,,,,,,,,,,,,,,,,,,,,,,,,,,,,,,,,,,,,,,,,,,,,,,256,2643,0,0.0,0.0,,Neutral
ruled,0.0,,,,,,,,,,,,,,,,,,,,,,,,,,,,,,,,,,,,,,,,,,,,,,,565,971,0,0.0,0.0,,Neutral
rules,0.0,,,,,,,,,,,,,,,,,,,,,,,,,,,,,,,,,,,,,,,,,,,,,,,270,1064,0,0.0,0.0,,Neutral
ruling,0.0,,,,,,,,,,,,,,,,,,,,,,,,,,,,,,,,,,,,,,,,,,,,,,,195,2963,0,0.0,0.0,,Neutral
ruling by,0.0,,,,,,,,,,,,,,,,,,,,,,,,,,,,,,,,,,,,,,,,,,,,,,,683,63,0,0.0,0.0,,Neutral
ruling that,0.0,,,,,,,,,,,,,,,,,,,,,,,,,,,,,,,,,,,,,,,,,,,,,,,735,432,0,0.0,0.0,,Neutral
rulings,0.0,,,,,,,,,,,,,,,,,,,,,,,,,,,,,,,,,,,,,,,,,,,,,,,599,355,0,0.0,0.0,,Neutral
rural,0.0,,,,,,,,,,,,,,,,,,,,,,,,,,,,,,,,,,,,,,,,,,,,,,,626,342,0,0.0,0.0,,Neutral
safe,0.0,,,,,,,,,,,,,,,,,,,,,,,,,,,,,,,,,,,,,,,,,,,,,,,86,1732,1,1.0,0.0,,Neutral
safety,0.0,,,,,,,,,,,,,,,,,,,,,,,,,,,,,,,,,,,,,,,,,,,,,,,639,998,0,0.0,0.0,,Neutral
saying,0.0,,,,,,,,,,,,,,,,,,,,,,,,,,,,,,,,,,,,,,,,,,,,,,,610,2000,0,0.0,0.0,,Neutral
search,0.0,,,,,,,,,,,,,,,,,,,,,,,,,,,,,,,,,,,,,,,,,,,,,,,227,163,0,0.0,0.0,,Neutral
search results,0.0,,,,,,,,,,,,,,,,,,,,,,,,,,,,,,,,,,,,,,,,,,,,,,,592,28,0,0.0,0.0,,Neutral
see,0.0,,,,,,,,,,,,,,,,,,,,,,,,,,,,,,,,,,,,,,,,,,,,,,,426,2456,0,0.0,0.0,,Neutral
seeking,0.0,,,,,,,,,,,,,,,,,,,,,,,,,,,,,,,,,,,,,,,,,,,,,,,390,1871,0,0.0,0.0,,Neutral
self,0.0,,,,,,,,,,,,,,,,,,,,,,,,,,,,,,,,,,,,,,,,,,,,,,,349,960,0,0.0,0.0,,Neutral
self managed,0.0,,,,,,,,,,,,,,,,,,,,,,,,,,,,,,,,,,,,,,,,,,,,,,,786,175,0,0.0,0.0,,Neutral
self managed abortion,0.0,,,,,,,,,,,,,,,,,,,,,,,,,,,,,,,,,,,,,,,,,,,,,,,51,122,1,1.0,0.0,,Neutral
services,0.0,,,,,,,,,,,,,,,,,,,,,,,,,,,,,,,,,,,,,,,,,,,,,,,237,3411,0,0.0,0.0,,Neutral
sex,0.0,,,,,,,,,,,,,,,,,,,,,,,,,,,,,,,,,,,,,,,,,,,,,,,69,1581,1,1.0,0.0,,Neutral
sexual,0.0,,,,,,,,,,,,,,,,,,,,,,,,,,,,,,,,,,,,,,,,,,,,,,,246,1032,0,0.0,0.0,,Neutral
she says,0.0,,,,,,,,,,,,,,,,,,,,,,,,,,,,,,,,,,,,,,,,,,,,,,,797,392,0,0.0,0.0,,Neutral
she was,0.0,,,,,,,,,,,,,,,,,,,,,,,,,,,,,,,,,,,,,,,,,,,,,,,682,1629,0,0.0,0.0,,Neutral
should be,0.0,,,,,,,,,,,,,,,,,,,,,,,,,,,,,,,,,,,,,,,,,,,,,,,739,2919,0,0.0,0.0,,Neutral
signed,0.0,,,,,,,,,,,,,,,,,,,,,,,,,,,,,,,,,,,,,,,,,,,,,,,357,2194,0,0.0,0.0,,Neutral
simply,0.0,,,,,,,,,,,,,,,,,,,,,,,,,,,,,,,,,,,,,,,,,,,,,,,621,958,0,0.0,0.0,,Neutral
since,0.0,,,,,,,,,,,,,,,,,,,,,,,,,,,,,,,,,,,,,,,,,,,,,,,353,2769,0,0.0,0.0,,Neutral
six,0.0,,,,,,,,,,,,,,,,,,,,,,,,,,,,,,,,,,,,,,,,,,,,,,,340,2131,0,0.0,0.0,,Neutral
six weeks,0.0,,,,,,,,,,,,,,,,,,,,,,,,,,,,,,,,,,,,,,,,,,,,,,,488,1005,0,0.0,0.0,,Neutral
slavery,0.0,,,,,,,,,,,,,,,,,,,,,,,,,,,,,,,,,,,,,,,,,,,,,,,377,373,0,0.0,0.0,,Neutral
social,0.0,,,,,,,,,,,,,,,,,,,,,,,,,,,,,,,,,,,,,,,,,,,,,,,359,1397,0,0.0,0.0,,Neutral
speaker,0.0,,,,,,,,,,,,,,,,,,,,,,,,,,,,,,,,,,,,,,,,,,,,,,,264,234,0,0.0,0.0,,Neutral
special,0.0,,,,,,,,,,,,,,,,,,,,,,,,,,,,,,,,,,,,,,,,,,,,,,,456,501,0,0.0,0.0,,Neutral
speech,0.0,,,,,,,,,,,,,,,,,,,,,,,,,,,,,,,,,,,,,,,,,,,,,,,439,895,0,0.0,0.0,,Neutral
spokesman,0.0,,,,,,,,,,,,,,,,,,,,,,,,,,,,,,,,,,,,,,,,,,,,,,,334,218,0,0.0,0.0,,Neutral
standing,0.0,,,,,,,,,,,,,,,,,,,,,,,,,,,,,,,,,,,,,,,,,,,,,,,620,687,0,0.0,0.0,,Neutral
state,0.0,,,,,,,,,,,,,,,,,,,,,,,,,,,,,,,,,,,,,,,,,,,,,,,198,13347,0,0.0,0.0,,Neutral
stated,0.0,,,,,,,,,,,,,,,,,,,,,,,,,,,,,,,,,,,,,,,,,,,,,,,553,440,0,0.0,0.0,,Neutral
statement,0.0,,,,,,,,,,,,,,,,,,,,,,,,,,,,,,,,,,,,,,,,,,,,,,,271,2951,0,0.0,0.0,,Neutral
states,0.0,,,,,,,,,,,,,,,,,,,,,,,,,,,,,,,,,,,,,,,,,,,,,,,199,9935,0,0.0,0.0,,Neutral
still,0.0,,,,,,,,,,,,,,,,,,,,,,,,,,,,,,,,,,,,,,,,,,,,,,,444,2669,0,0.0,0.0,,Neutral
stock,0.0,,,,,,,,,,,,,,,,,,,,,,,,,,,,,,,,,,,,,,,,,,,,,,,402,69,0,0.0,0.0,,Neutral
strategy,0.0,,,,,,,,,,,,,,,,,,,,,,,,,,,,,,,,,,,,,,,,,,,,,,,529,545,0,0.0,0.0,,Neutral
struck down,0.0,,,,,,,,,,,,,,,,,,,,,,,,,,,,,,,,,,,,,,,,,,,,,,,947,951,0,0.0,0.0,,Neutral
students,0.0,,,,,,,,,,,,,,,,,,,,,,,,,,,,,,,,,,,,,,,,,,,,,,,484,504,0,0.0,0.0,,Neutral
study,0.0,,,,,,,,,,,,,,,,,,,,,,,,,,,,,,,,,,,,,,,,,,,,,,,418,999,0,0.0,0.0,,Neutral
such as,0.0,,,,,,,,,,,,,,,,,,,,,,,,,,,,,,,,,,,,,,,,,,,,,,,804,1581,0,0.0,0.0,,Neutral
support,0.0,,,,,,,,,,,,,,,,,,,,,,,,,,,,,,,,,,,,,,,,,,,,,,,243,5076,0,0.0,0.0,,Neutral
support for,0.0,,,,,,,,,,,,,,,,,,,,,,,,,,,,,,,,,,,,,,,,,,,,,,,685,1037,0,0.0,0.0,,Neutral
supreme court,0.0,,,,,,,,,,,,,,,,,,,,,,,,,,,,,,,,,,,,,,,,,,,,,,,154,361,1,0.0,0.0,,Neutral
surgical,0.0,,,,,,,,,,,,,,,,,,,,,,,,,,,,,,,,,,,,,,,,,,,,,,,625,841,0,0.0,0.0,,Neutral
system,0.0,,,,,,,,,,,,,,,,,,,,,,,,,,,,,,,,,,,,,,,,,,,,,,,315,687,0,0.0,0.0,,Neutral
take,0.0,,,,,,,,,,,,,,,,,,,,,,,,,,,,,,,,,,,,,,,,,,,,,,,389,3726,0,0.0,0.0,,Neutral
taxpayer,0.0,,,,,,,,,,,,,,,,,,,,,,,,,,,,,,,,,,,,,,,,,,,,,,,333,775,0,0.0,0.0,,Neutral
teaching,0.0,,,,,,,,,,,,,,,,,,,,,,,,,,,,,,,,,,,,,,,,,,,,,,,528,183,0,0.0,0.0,,Neutral
team at,0.0,,,,,,,,,,,,,,,,,,,,,,,,,,,,,,,,,,,,,,,,,,,,,,,922,117,0,0.0,0.0,,Neutral
term,0.0,,,,,,,,,,,,,,,,,,,,,,,,,,,,,,,,,,,,,,,,,,,,,,,304,2770,0,0.0,0.0,,Neutral
termination,463.0,5.0,0.0,0.0,0.0,0.0,18.0,6.0,8.0,41.0,31.0,20.0,5.0,17.0,0.0,35.0,4.0,17.0,1.0,5.0,19.0,32.0,80.0,3.0,1.0,2.0,3.0,5.0,13.0,8.0,6.0,3.0,6.0,1.0,4.0,6.0,9.0,4.0,7.0,2.0,2.0,1.0,5.0,11.0,5.0,10.0,0.0,98,463,1,1.0,0.0,-90.0,Left
terminations,0.0,,,,,,,,,,,,,,,,,,,,,,,,,,,,,,,,,,,,,,,,,,,,,,,165,225,1,0.0,0.0,,Neutral
terms,0.0,,,,,,,,,,,,,,,,,,,,,,,,,,,,,,,,,,,,,,,,,,,,,,,593,634,0,0.0,0.0,,Neutral
that can,0.0,,,,,,,,,,,,,,,,,,,,,,,,,,,,,,,,,,,,,,,,,,,,,,,669,769,0,0.0,0.0,,Neutral
that he,0.0,,,,,,,,,,,,,,,,,,,,,,,,,,,,,,,,,,,,,,,,,,,,,,,732,1800,0,0.0,0.0,,Neutral
that he will,0.0,,,,,,,,,,,,,,,,,,,,,,,,,,,,,,,,,,,,,,,,,,,,,,,955,80,0,0.0,0.0,,Neutral
that matter,0.0,,,,,,,,,,,,,,,,,,,,,,,,,,,,,,,,,,,,,,,,,,,,,,,729,187,0,0.0,0.0,,Neutral
that matters,0.0,,,,,,,,,,,,,,,,,,,,,,,,,,,,,,,,,,,,,,,,,,,,,,,676,210,0,0.0,0.0,,Neutral
that she,0.0,,,,,,,,,,,,,,,,,,,,,,,,,,,,,,,,,,,,,,,,,,,,,,,799,1287,0,0.0,0.0,,Neutral
that the,0.0,,,,,,,,,,,,,,,,,,,,,,,,,,,,,,,,,,,,,,,,,,,,,,,711,8236,0,0.0,0.0,,Neutral
that they,0.0,,,,,,,,,,,,,,,,,,,,,,,,,,,,,,,,,,,,,,,,,,,,,,,939,1839,0,0.0,0.0,,Neutral
that we,0.0,,,,,,,,,,,,,,,,,,,,,,,,,,,,,,,,,,,,,,,,,,,,,,,935,1071,0,0.0,0.0,,Neutral
that would,0.0,,,,,,,,,,,,,,,,,,,,,,,,,,,,,,,,,,,,,,,,,,,,,,,928,2274,0,0.0,0.0,,Neutral
the Affordable Care,0.0,,,,,,,,,,,,,,,,,,,,,,,,,,,,,,,,,,,,,,,,,,,,,,,902,256,0,0.0,0.0,,Neutral
the Alabama,0.0,,,,,,,,,,,,,,,,,,,,,,,,,,,,,,,,,,,,,,,,,,,,,,,901,689,0,0.0,0.0,,Neutral
the Catholic,0.0,,,,,,,,,,,,,,,,,,,,,,,,,,,,,,,,,,,,,,,,,,,,,,,689,368,0,0.0,0.0,,Neutral
the Constitutional,0.0,,,,,,,,,,,,,,,,,,,,,,,,,,,,,,,,,,,,,,,,,,,,,,,687,41,0,0.0,0.0,,Neutral
the Constitutional Court,0.0,,,,,,,,,,,,,,,,,,,,,,,,,,,,,,,,,,,,,,,,,,,,,,,913,21,0,0.0,0.0,,Neutral
the Court,0.0,,,,,,,,,,,,,,,,,,,,,,,,,,,,,,,,,,,,,,,,,,,,,,,672,918,0,0.0,0.0,,Neutral
the Daily Caller,0.0,,,,,,,,,,,,,,,,,,,,,,,,,,,,,,,,,,,,,,,,,,,,,,,931,171,0,0.0,0.0,,Neutral
the Democratic,0.0,,,,,,,,,,,,,,,,,,,,,,,,,,,,,,,,,,,,,,,,,,,,,,,757,1071,0,0.0,0.0,,Neutral
the European,0.0,,,,,,,,,,,,,,,,,,,,,,,,,,,,,,,,,,,,,,,,,,,,,,,892,41,0,0.0,0.0,,Neutral
the FDA,0.0,,,,,,,,,,,,,,,,,,,,,,,,,,,,,,,,,,,,,,,,,,,,,,,963,224,0,0.0,0.0,,Neutral
the Fifth,0.0,,,,,,,,,,,,,,,,,,,,,,,,,,,,,,,,,,,,,,,,,,,,,,,815,481,0,0.0,0.0,,Neutral
the Fifth Circuit,0.0,,,,,,,,,,,,,,,,,,,,,,,,,,,,,,,,,,,,,,,,,,,,,,,984,327,0,0.0,0.0,,Neutral
the Hyde Amendment,0.0,,,,,,,,,,,,,,,,,,,,,,,,,,,,,,,,,,,,,,,,,,,,,,,180,1064,1,0.0,0.0,,Neutral
the Little Sisters,0.0,,,,,,,,,,,,,,,,,,,,,,,,,,,,,,,,,,,,,,,,,,,,,,,783,85,0,0.0,0.0,,Neutral
the North,0.0,,,,,,,,,,,,,,,,,,,,,,,,,,,,,,,,,,,,,,,,,,,,,,,808,55,0,0.0,0.0,,Neutral
the Obama,0.0,,,,,,,,,,,,,,,,,,,,,,,,,,,,,,,,,,,,,,,,,,,,,,,779,186,0,0.0,0.0,,Neutral
the Presidents,0.0,,,,,,,,,,,,,,,,,,,,,,,,,,,,,,,,,,,,,,,,,,,,,,,852,35,0,0.0,0.0,,Neutral
the Senate,0.0,,,,,,,,,,,,,,,,,,,,,,,,,,,,,,,,,,,,,,,,,,,,,,,847,1070,0,0.0,0.0,,Neutral
the Supreme Court,0.0,,,,,,,,,,,,,,,,,,,,,,,,,,,,,,,,,,,,,,,,,,,,,,,667,4617,0,0.0,0.0,,Neutral
the Trump,0.0,,,,,,,,,,,,,,,,,,,,,,,,,,,,,,,,,,,,,,,,,,,,,,,845,1340,0,0.0,0.0,,Neutral
the UK,0.0,,,,,,,,,,,,,,,,,,,,,,,,,,,,,,,,,,,,,,,,,,,,,,,874,213,0,0.0,0.0,,Neutral
the US,0.0,,,,,,,,,,,,,,,,,,,,,,,,,,,,,,,,,,,,,,,,,,,,,,,652,937,0,0.0,0.0,,Neutral
the United States,0.0,,,,,,,,,,,,,,,,,,,,,,,,,,,,,,,,,,,,,,,,,,,,,,,720,3272,0,0.0,0.0,,Neutral
the abortion,0.0,,,,,,,,,,,,,,,,,,,,,,,,,,,,,,,,,,,,,,,,,,,,,,,182,3213,1,0.0,0.0,,Neutral
the anti abortion,0.0,,,,,,,,,,,,,,,,,,,,,,,,,,,,,,,,,,,,,,,,,,,,,,,186,577,1,0.0,0.0,,Neutral
the author of,0.0,,,,,,,,,,,,,,,,,,,,,,,,,,,,,,,,,,,,,,,,,,,,,,,741,180,0,0.0,0.0,,Neutral
the baby,0.0,,,,,,,,,,,,,,,,,,,,,,,,,,,,,,,,,,,,,,,,,,,,,,,978,760,0,0.0,0.0,,Neutral
the bill,0.0,,,,,,,,,,,,,,,,,,,,,,,,,,,,,,,,,,,,,,,,,,,,,,,702,2840,0,0.0,0.0,,Neutral
the bishops,0.0,,,,,,,,,,,,,,,,,,,,,,,,,,,,,,,,,,,,,,,,,,,,,,,864,49,0,0.0,0.0,,Neutral
the bottom of,0.0,,,,,,,,,,,,,,,,,,,,,,,,,,,,,,,,,,,,,,,,,,,,,,,962,85,0,0.0,0.0,,Neutral
the case,0.0,,,,,,,,,,,,,,,,,,,,,,,,,,,,,,,,,,,,,,,,,,,,,,,790,2024,0,0.0,0.0,,Neutral
the case of,0.0,,,,,,,,,,,,,,,,,,,,,,,,,,,,,,,,,,,,,,,,,,,,,,,996,395,0,0.0,0.0,,Neutral
the clinic,0.0,,,,,,,,,,,,,,,,,,,,,,,,,,,,,,,,,,,,,,,,,,,,,,,744,1333,0,0.0,0.0,,Neutral
the coronavirus,0.0,,,,,,,,,,,,,,,,,,,,,,,,,,,,,,,,,,,,,,,,,,,,,,,705,891,0,0.0,0.0,,Neutral
the coronavirus crisis,0.0,,,,,,,,,,,,,,,,,,,,,,,,,,,,,,,,,,,,,,,,,,,,,,,798,160,0,0.0,0.0,,Neutral
the country,0.0,,,,,,,,,,,,,,,,,,,,,,,,,,,,,,,,,,,,,,,,,,,,,,,841,2507,0,0.0,0.0,,Neutral
the court,0.0,,,,,,,,,,,,,,,,,,,,,,,,,,,,,,,,,,,,,,,,,,,,,,,657,2765,0,0.0,0.0,,Neutral
the courts,0.0,,,,,,,,,,,,,,,,,,,,,,,,,,,,,,,,,,,,,,,,,,,,,,,765,1362,0,0.0,0.0,,Neutral
the culture,0.0,,,,,,,,,,,,,,,,,,,,,,,,,,,,,,,,,,,,,,,,,,,,,,,890,127,0,0.0,0.0,,Neutral
the culture wars,0.0,,,,,,,,,,,,,,,,,,,,,,,,,,,,,,,,,,,,,,,,,,,,,,,104,61,1,1.0,0.0,,Neutral
the federal,0.0,,,,,,,,,,,,,,,,,,,,,,,,,,,,,,,,,,,,,,,,,,,,,,,903,905,0,0.0,0.0,,Neutral
the federal government,0.0,,,,,,,,,,,,,,,,,,,,,,,,,,,,,,,,,,,,,,,,,,,,,,,953,286,0,0.0,0.0,,Neutral
the government,0.0,,,,,,,,,,,,,,,,,,,,,,,,,,,,,,,,,,,,,,,,,,,,,,,867,901,0,0.0,0.0,,Neutral
the issue,0.0,,,,,,,,,,,,,,,,,,,,,,,,,,,,,,,,,,,,,,,,,,,,,,,957,1562,0,0.0,0.0,,Neutral
the justices,0.0,,,,,,,,,,,,,,,,,,,,,,,,,,,,,,,,,,,,,,,,,,,,,,,831,618,0,0.0,0.0,,Neutral
the law,0.0,,,,,,,,,,,,,,,,,,,,,,,,,,,,,,,,,,,,,,,,,,,,,,,699,3781,0,0.0,0.0,,Neutral
the left,0.0,,,,,,,,,,,,,,,,,,,,,,,,,,,,,,,,,,,,,,,,,,,,,,,938,355,0,0.0,0.0,,Neutral
the mother,0.0,,,,,,,,,,,,,,,,,,,,,,,,,,,,,,,,,,,,,,,,,,,,,,,773,1416,0,0.0,0.0,,Neutral
the mothers,0.0,,,,,,,,,,,,,,,,,,,,,,,,,,,,,,,,,,,,,,,,,,,,,,,886,754,0,0.0,0.0,,Neutral
the new,0.0,,,,,,,,,,,,,,,,,,,,,,,,,,,,,,,,,,,,,,,,,,,,,,,897,1229,0,0.0,0.0,,Neutral
the pandemic,0.0,,,,,,,,,,,,,,,,,,,,,,,,,,,,,,,,,,,,,,,,,,,,,,,838,536,0,0.0,0.0,,Neutral
the past,0.0,,,,,,,,,,,,,,,,,,,,,,,,,,,,,,,,,,,,,,,,,,,,,,,905,851,0,0.0,0.0,,Neutral
the pills,0.0,,,,,,,,,,,,,,,,,,,,,,,,,,,,,,,,,,,,,,,,,,,,,,,127,174,1,0.0,0.0,,Neutral
the predominantly,0.0,,,,,,,,,,,,,,,,,,,,,,,,,,,,,,,,,,,,,,,,,,,,,,,987,20,0,0.0,0.0,,Neutral
the pro,0.0,,,,,,,,,,,,,,,,,,,,,,,,,,,,,,,,,,,,,,,,,,,,,,,688,1297,0,0.0,0.0,,Neutral
the pro life,0.0,,,,,,,,,,,,,,,,,,,,,,,,,,,,,,,,,,,,,,,,,,,,,,,178,835,1,0.0,0.0,,Neutral
the procedure,0.0,,,,,,,,,,,,,,,,,,,,,,,,,,,,,,,,,,,,,,,,,,,,,,,654,2694,0,0.0,0.0,,Neutral
the program,0.0,,,,,,,,,,,,,,,,,,,,,,,,,,,,,,,,,,,,,,,,,,,,,,,876,314,0,0.0,0.0,,Neutral
the protests,0.0,,,,,,,,,,,,,,,,,,,,,,,,,,,,,,,,,,,,,,,,,,,,,,,747,54,0,0.0,0.0,,Neutral
the religious,0.0,,,,,,,,,,,,,,,,,,,,,,,,,,,,,,,,,,,,,,,,,,,,,,,989,165,0,0.0,0.0,,Neutral
the right,0.0,,,,,,,,,,,,,,,,,,,,,,,,,,,,,,,,,,,,,,,,,,,,,,,810,2427,0,0.0,0.0,,Neutral
the ruling,0.0,,,,,,,,,,,,,,,,,,,,,,,,,,,,,,,,,,,,,,,,,,,,,,,647,552,0,0.0,0.0,,Neutral
the same,0.0,,,,,,,,,,,,,,,,,,,,,,,,,,,,,,,,,,,,,,,,,,,,,,,936,2266,0,0.0,0.0,,Neutral
the state,0.0,,,,,,,,,,,,,,,,,,,,,,,,,,,,,,,,,,,,,,,,,,,,,,,660,4877,0,0.0,0.0,,Neutral
the states,0.0,,,,,,,,,,,,,,,,,,,,,,,,,,,,,,,,,,,,,,,,,,,,,,,714,2193,0,0.0,0.0,,Neutral
the unborn,0.0,,,,,,,,,,,,,,,,,,,,,,,,,,,,,,,,,,,,,,,,,,,,,,,168,857,1,0.0,0.0,,Neutral
the views of,0.0,,,,,,,,,,,,,,,,,,,,,,,,,,,,,,,,,,,,,,,,,,,,,,,768,66,0,0.0,0.0,,Neutral
the vote,0.0,,,,,,,,,,,,,,,,,,,,,,,,,,,,,,,,,,,,,,,,,,,,,,,868,333,0,0.0,0.0,,Neutral
the womb,0.0,,,,,,,,,,,,,,,,,,,,,,,,,,,,,,,,,,,,,,,,,,,,,,,108,822,1,1.0,0.0,,Neutral
their own,0.0,,,,,,,,,,,,,,,,,,,,,,,,,,,,,,,,,,,,,,,,,,,,,,,753,1349,0,0.0,0.0,,Neutral
they are,0.0,,,,,,,,,,,,,,,,,,,,,,,,,,,,,,,,,,,,,,,,,,,,,,,878,1931,0,0.0,0.0,,Neutral
thing,0.0,,,,,,,,,,,,,,,,,,,,,,,,,,,,,,,,,,,,,,,,,,,,,,,614,1186,0,0.0,0.0,,Neutral
things,0.0,,,,,,,,,,,,,,,,,,,,,,,,,,,,,,,,,,,,,,,,,,,,,,,559,1239,0,0.0,0.0,,Neutral
think,0.0,,,,,,,,,,,,,,,,,,,,,,,,,,,,,,,,,,,,,,,,,,,,,,,252,3755,0,0.0,0.0,,Neutral
third,0.0,,,,,,,,,,,,,,,,,,,,,,,,,,,,,,,,,,,,,,,,,,,,,,,443,1471,0,0.0,0.0,,Neutral
third trimester,0.0,,,,,,,,,,,,,,,,,,,,,,,,,,,,,,,,,,,,,,,,,,,,,,,105,746,1,1.0,0.0,,Neutral
this article,0.0,,,,,,,,,,,,,,,,,,,,,,,,,,,,,,,,,,,,,,,,,,,,,,,850,276,0,0.0,0.0,,Neutral
this story,0.0,,,,,,,,,,,,,,,,,,,,,,,,,,,,,,,,,,,,,,,,,,,,,,,653,118,0,0.0,0.0,,Neutral
this year,0.0,,,,,,,,,,,,,,,,,,,,,,,,,,,,,,,,,,,,,,,,,,,,,,,856,1131,0,0.0,0.0,,Neutral
those who,0.0,,,,,,,,,,,,,,,,,,,,,,,,,,,,,,,,,,,,,,,,,,,,,,,859,1151,0,0.0,0.0,,Neutral
though,0.0,,,,,,,,,,,,,,,,,,,,,,,,,,,,,,,,,,,,,,,,,,,,,,,636,1493,0,0.0,0.0,,Neutral
threat,0.0,,,,,,,,,,,,,,,,,,,,,,,,,,,,,,,,,,,,,,,,,,,,,,,582,612,0,0.0,0.0,,Neutral
threat to,0.0,,,,,,,,,,,,,,,,,,,,,,,,,,,,,,,,,,,,,,,,,,,,,,,900,300,0,0.0,0.0,,Neutral
three,0.0,,,,,,,,,,,,,,,,,,,,,,,,,,,,,,,,,,,,,,,,,,,,,,,398,2609,0,0.0,0.0,,Neutral
time,0.0,,,,,,,,,,,,,,,,,,,,,,,,,,,,,,,,,,,,,,,,,,,,,,,299,5995,0,0.0,0.0,,Neutral
tip to,0.0,,,,,,,,,,,,,,,,,,,,,,,,,,,,,,,,,,,,,,,,,,,,,,,911,115,0,0.0,0.0,,Neutral
to CBS News,0.0,,,,,,,,,,,,,,,,,,,,,,,,,,,,,,,,,,,,,,,,,,,,,,,974,77,0,0.0,0.0,,Neutral
to The,0.0,,,,,,,,,,,,,,,,,,,,,,,,,,,,,,,,,,,,,,,,,,,,,,,675,304,0,0.0,0.0,,Neutral
to The Daily,0.0,,,,,,,,,,,,,,,,,,,,,,,,,,,,,,,,,,,,,,,,,,,,,,,696,75,0,0.0,0.0,,Neutral
to abortion,0.0,,,,,,,,,,,,,,,,,,,,,,,,,,,,,,,,,,,,,,,,,,,,,,,183,3638,1,0.0,0.0,,Neutral
to an abortion,0.0,,,,,,,,,,,,,,,,,,,,,,,,,,,,,,,,,,,,,,,,,,,,,,,113,651,1,1.0,0.0,,Neutral
to any,0.0,,,,,,,,,,,,,,,,,,,,,,,,,,,,,,,,,,,,,,,,,,,,,,,663,689,0,0.0,0.0,,Neutral
to be,0.0,,,,,,,,,,,,,,,,,,,,,,,,,,,,,,,,,,,,,,,,,,,,,,,770,6541,0,0.0,0.0,,Neutral
to do,0.0,,,,,,,,,,,,,,,,,,,,,,,,,,,,,,,,,,,,,,,,,,,,,,,942,2331,0,0.0,0.0,,Neutral
to fetal,0.0,,,,,,,,,,,,,,,,,,,,,,,,,,,,,,,,,,,,,,,,,,,,,,,733,59,0,0.0,0.0,,Neutral
to get,0.0,,,,,,,,,,,,,,,,,,,,,,,,,,,,,,,,,,,,,,,,,,,,,,,755,2306,0,0.0,0.0,,Neutral
to have,0.0,,,,,,,,,,,,,,,,,,,,,,,,,,,,,,,,,,,,,,,,,,,,,,,695,3249,0,0.0,0.0,,Neutral
to have too,0.0,,,,,,,,,,,,,,,,,,,,,,,,,,,,,,,,,,,,,,,,,,,,,,,871,20,0,0.0,0.0,,Neutral
to kill,0.0,,,,,,,,,,,,,,,,,,,,,,,,,,,,,,,,,,,,,,,,,,,,,,,185,314,1,0.0,0.0,,Neutral
to million,0.0,,,,,,,,,,,,,,,,,,,,,,,,,,,,,,,,,,,,,,,,,,,,,,,833,70,0,0.0,0.0,,Neutral
to preserve,0.0,,,,,,,,,,,,,,,,,,,,,,,,,,,,,,,,,,,,,,,,,,,,,,,966,456,0,0.0,0.0,,Neutral
to protect,0.0,,,,,,,,,,,,,,,,,,,,,,,,,,,,,,,,,,,,,,,,,,,,,,,929,1466,0,0.0,0.0,,Neutral
to provide,0.0,,,,,,,,,,,,,,,,,,,,,,,,,,,,,,,,,,,,,,,,,,,,,,,940,1197,0,0.0,0.0,,Neutral
to say,0.0,,,,,,,,,,,,,,,,,,,,,,,,,,,,,,,,,,,,,,,,,,,,,,,972,997,0,0.0,0.0,,Neutral
to take,0.0,,,,,,,,,,,,,,,,,,,,,,,,,,,,,,,,,,,,,,,,,,,,,,,990,1631,0,0.0,0.0,,Neutral
to terminate,0.0,,,,,,,,,,,,,,,,,,,,,,,,,,,,,,,,,,,,,,,,,,,,,,,189,588,1,0.0,0.0,,Neutral
to the,0.0,,,,,,,,,,,,,,,,,,,,,,,,,,,,,,,,,,,,,,,,,,,,,,,673,13258,0,0.0,0.0,,Neutral
to this,0.0,,,,,,,,,,,,,,,,,,,,,,,,,,,,,,,,,,,,,,,,,,,,,,,954,667,0,0.0,0.0,,Neutral
to this report,0.0,,,,,,,,,,,,,,,,,,,,,,,,,,,,,,,,,,,,,,,,,,,,,,,807,214,0,0.0,0.0,,Neutral
to years in,0.0,,,,,,,,,,,,,,,,,,,,,,,,,,,,,,,,,,,,,,,,,,,,,,,832,300,0,0.0,0.0,,Neutral
to your inbox,0.0,,,,,,,,,,,,,,,,,,,,,,,,,,,,,,,,,,,,,,,,,,,,,,,691,195,0,0.0,0.0,,Neutral
today,0.0,,,,,,,,,,,,,,,,,,,,,,,,,,,,,,,,,,,,,,,,,,,,,,,541,1278,0,0.0,0.0,,Neutral
too many,0.0,,,,,,,,,,,,,,,,,,,,,,,,,,,,,,,,,,,,,,,,,,,,,,,791,132,0,0.0,0.0,,Neutral
too many of,0.0,,,,,,,,,,,,,,,,,,,,,,,,,,,,,,,,,,,,,,,,,,,,,,,849,30,0,0.0,0.0,,Neutral
top,0.0,,,,,,,,,,,,,,,,,,,,,,,,,,,,,,,,,,,,,,,,,,,,,,,442,562,0,0.0,0.0,,Neutral
top court,0.0,,,,,,,,,,,,,,,,,,,,,,,,,,,,,,,,,,,,,,,,,,,,,,,578,42,0,0.0,0.0,,Neutral
total,0.0,,,,,,,,,,,,,,,,,,,,,,,,,,,,,,,,,,,,,,,,,,,,,,,208,902,0,0.0,0.0,,Neutral
total ban on,0.0,,,,,,,,,,,,,,,,,,,,,,,,,,,,,,,,,,,,,,,,,,,,,,,656,227,0,0.0,0.0,,Neutral
travel,0.0,,,,,,,,,,,,,,,,,,,,,,,,,,,,,,,,,,,,,,,,,,,,,,,469,855,0,0.0,0.0,,Neutral
twenty,0.0,,,,,,,,,,,,,,,,,,,,,,,,,,,,,,,,,,,,,,,,,,,,,,,564,53,0,0.0,0.0,,Neutral
two,0.0,,,,,,,,,,,,,,,,,,,,,,,,,,,,,,,,,,,,,,,,,,,,,,,362,4364,0,0.0,0.0,,Neutral
unborn,0.0,,,,,,,,,,,,,,,,,,,,,,,,,,,,,,,,,,,,,,,,,,,,,,,123,2451,1,0.0,0.0,,Neutral
unborn babies,246.0,1.0,0.0,0.0,0.0,0.0,1.0,0.0,11.0,1.0,1.0,2.0,0.0,0.0,0.0,58.0,1.0,4.0,0.0,0.0,15.0,13.0,1.0,0.0,6.0,0.0,0.0,0.0,10.0,7.0,0.0,4.0,1.0,0.0,66.0,0.0,17.0,2.0,0.0,7.0,1.0,0.0,7.0,2.0,0.0,7.0,0.0,41,246,1,1.0,1.0,195.0,Right
unborn child,0.0,,,,,,,,,,,,,,,,,,,,,,,,,,,,,,,,,,,,,,,,,,,,,,,131,545,1,0.0,0.0,,Neutral
unconstitutional,0.0,,,,,,,,,,,,,,,,,,,,,,,,,,,,,,,,,,,,,,,,,,,,,,,508,1236,0,0.0,0.0,,Neutral
unintended,0.0,,,,,,,,,,,,,,,,,,,,,,,,,,,,,,,,,,,,,,,,,,,,,,,509,279,0,0.0,0.0,,Neutral
unsafe,0.0,,,,,,,,,,,,,,,,,,,,,,,,,,,,,,,,,,,,,,,,,,,,,,,110,315,1,1.0,0.0,,Neutral
up to,0.0,,,,,,,,,,,,,,,,,,,,,,,,,,,,,,,,,,,,,,,,,,,,,,,937,1838,0,0.0,0.0,,Neutral
upheld,0.0,,,,,,,,,,,,,,,,,,,,,,,,,,,,,,,,,,,,,,,,,,,,,,,616,791,0,0.0,0.0,,Neutral
use,0.0,,,,,,,,,,,,,,,,,,,,,,,,,,,,,,,,,,,,,,,,,,,,,,,432,2178,0,0.0,0.0,,Neutral
v Wade the,0.0,,,,,,,,,,,,,,,,,,,,,,,,,,,,,,,,,,,,,,,,,,,,,,,883,509,0,0.0,0.0,,Neutral
values,0.0,,,,,,,,,,,,,,,,,,,,,,,,,,,,,,,,,,,,,,,,,,,,,,,438,458,0,0.0,0.0,,Neutral
vasectomies,0.0,,,,,,,,,,,,,,,,,,,,,,,,,,,,,,,,,,,,,,,,,,,,,,,116,44,1,1.0,0.0,,Neutral
verdict,0.0,,,,,,,,,,,,,,,,,,,,,,,,,,,,,,,,,,,,,,,,,,,,,,,440,54,0,0.0,0.0,,Neutral
viability,0.0,,,,,,,,,,,,,,,,,,,,,,,,,,,,,,,,,,,,,,,,,,,,,,,114,757,1,1.0,0.0,,Neutral
video,0.0,,,,,,,,,,,,,,,,,,,,,,,,,,,,,,,,,,,,,,,,,,,,,,,391,860,0,0.0,0.0,,Neutral
views,0.0,,,,,,,,,,,,,,,,,,,,,,,,,,,,,,,,,,,,,,,,,,,,,,,329,1100,0,0.0,0.0,,Neutral
views of,0.0,,,,,,,,,,,,,,,,,,,,,,,,,,,,,,,,,,,,,,,,,,,,,,,738,110,0,0.0,0.0,,Neutral
violence,0.0,,,,,,,,,,,,,,,,,,,,,,,,,,,,,,,,,,,,,,,,,,,,,,,540,756,0,0.0,0.0,,Neutral
voice,0.0,,,,,,,,,,,,,,,,,,,,,,,,,,,,,,,,,,,,,,,,,,,,,,,288,360,0,0.0,0.0,,Neutral
vote,0.0,,,,,,,,,,,,,,,,,,,,,,,,,,,,,,,,,,,,,,,,,,,,,,,211,3536,0,0.0,0.0,,Neutral
voted,0.0,,,,,,,,,,,,,,,,,,,,,,,,,,,,,,,,,,,,,,,,,,,,,,,546,1739,0,0.0,0.0,,Neutral
voters,0.0,,,,,,,,,,,,,,,,,,,,,,,,,,,,,,,,,,,,,,,,,,,,,,,313,1718,0,0.0,0.0,,Neutral
waiting,0.0,,,,,,,,,,,,,,,,,,,,,,,,,,,,,,,,,,,,,,,,,,,,,,,577,748,0,0.0,0.0,,Neutral
want,0.0,,,,,,,,,,,,,,,,,,,,,,,,,,,,,,,,,,,,,,,,,,,,,,,302,3614,0,0.0,0.0,,Neutral
want to,0.0,,,,,,,,,,,,,,,,,,,,,,,,,,,,,,,,,,,,,,,,,,,,,,,742,2216,0,0.0,0.0,,Neutral
want to have,0.0,,,,,,,,,,,,,,,,,,,,,,,,,,,,,,,,,,,,,,,,,,,,,,,781,137,0,0.0,0.0,,Neutral
war,0.0,,,,,,,,,,,,,,,,,,,,,,,,,,,,,,,,,,,,,,,,,,,,,,,571,484,0,0.0,0.0,,Neutral
wars,0.0,,,,,,,,,,,,,,,,,,,,,,,,,,,,,,,,,,,,,,,,,,,,,,,272,140,0,0.0,0.0,,Neutral
was a,0.0,,,,,,,,,,,,,,,,,,,,,,,,,,,,,,,,,,,,,,,,,,,,,,,787,1789,0,0.0,0.0,,Neutral
was the,0.0,,,,,,,,,,,,,,,,,,,,,,,,,,,,,,,,,,,,,,,,,,,,,,,979,1108,0,0.0,0.0,,Neutral
way,0.0,,,,,,,,,,,,,,,,,,,,,,,,,,,,,,,,,,,,,,,,,,,,,,,343,3531,0,0.0,0.0,,Neutral
way of,0.0,,,,,,,,,,,,,,,,,,,,,,,,,,,,,,,,,,,,,,,,,,,,,,,941,213,0,0.0,0.0,,Neutral
week,0.0,,,,,,,,,,,,,,,,,,,,,,,,,,,,,,,,,,,,,,,,,,,,,,,290,3639,0,0.0,0.0,,Neutral
weeks,0.0,,,,,,,,,,,,,,,,,,,,,,,,,,,,,,,,,,,,,,,,,,,,,,,258,4862,0,0.0,0.0,,Neutral
whether,0.0,,,,,,,,,,,,,,,,,,,,,,,,,,,,,,,,,,,,,,,,,,,,,,,436,3065,0,0.0,0.0,,Neutral
which has,0.0,,,,,,,,,,,,,,,,,,,,,,,,,,,,,,,,,,,,,,,,,,,,,,,960,409,0,0.0,0.0,,Neutral
white,0.0,,,,,,,,,,,,,,,,,,,,,,,,,,,,,,,,,,,,,,,,,,,,,,,385,902,0,0.0,0.0,,Neutral
who are,0.0,,,,,,,,,,,,,,,,,,,,,,,,,,,,,,,,,,,,,,,,,,,,,,,956,1413,0,0.0,0.0,,Neutral
will be,0.0,,,,,,,,,,,,,,,,,,,,,,,,,,,,,,,,,,,,,,,,,,,,,,,825,2364,0,0.0,0.0,,Neutral
wing,0.0,,,,,,,,,,,,,,,,,,,,,,,,,,,,,,,,,,,,,,,,,,,,,,,374,491,0,0.0,0.0,,Neutral
with CBS News,0.0,,,,,,,,,,,,,,,,,,,,,,,,,,,,,,,,,,,,,,,,,,,,,,,819,100,0,0.0,0.0,,Neutral
with NPR,0.0,,,,,,,,,,,,,,,,,,,,,,,,,,,,,,,,,,,,,,,,,,,,,,,795,101,0,0.0,0.0,,Neutral
with a,0.0,,,,,,,,,,,,,,,,,,,,,,,,,,,,,,,,,,,,,,,,,,,,,,,796,2196,0,0.0,0.0,,Neutral
with a friend,0.0,,,,,,,,,,,,,,,,,,,,,,,,,,,,,,,,,,,,,,,,,,,,,,,805,25,0,0.0,0.0,,Neutral
with the,0.0,,,,,,,,,,,,,,,,,,,,,,,,,,,,,,,,,,,,,,,,,,,,,,,919,4922,0,0.0,0.0,,Neutral
without,0.0,,,,,,,,,,,,,,,,,,,,,,,,,,,,,,,,,,,,,,,,,,,,,,,347,2885,0,0.0,0.0,,Neutral
woman,0.0,,,,,,,,,,,,,,,,,,,,,,,,,,,,,,,,,,,,,,,,,,,,,,,322,5066,0,0.0,0.0,,Neutral
womans right to,0.0,,,,,,,,,,,,,,,,,,,,,,,,,,,,,,,,,,,,,,,,,,,,,,,167,794,1,0.0,0.0,,Neutral
women,0.0,,,,,,,,,,,,,,,,,,,,,,,,,,,,,,,,,,,,,,,,,,,,,,,136,19255,1,0.0,0.0,,Neutral
women and,0.0,,,,,,,,,,,,,,,,,,,,,,,,,,,,,,,,,,,,,,,,,,,,,,,860,1440,0,0.0,0.0,,Neutral
women are,0.0,,,,,,,,,,,,,,,,,,,,,,,,,,,,,,,,,,,,,,,,,,,,,,,981,718,0,0.0,0.0,,Neutral
women in,0.0,,,,,,,,,,,,,,,,,,,,,,,,,,,,,,,,,,,,,,,,,,,,,,,784,1292,0,0.0,0.0,,Neutral
women to,0.0,,,,,,,,,,,,,,,,,,,,,,,,,,,,,,,,,,,,,,,,,,,,,,,921,1239,0,0.0,0.0,,Neutral
women who,0.0,,,,,,,,,,,,,,,,,,,,,,,,,,,,,,,,,,,,,,,,,,,,,,,752,2079,0,0.0,0.0,,Neutral
womens rights,615.0,27.0,7.0,1.0,0.0,4.0,5.0,9.0,15.0,12.0,16.0,34.0,36.0,5.0,1.0,20.0,16.0,5.0,1.0,2.0,14.0,23.0,70.0,14.0,3.0,5.0,0.0,6.0,18.0,23.0,9.0,11.0,19.0,7.0,26.0,26.0,15.0,0.0,5.0,3.0,0.0,6.0,34.0,1.0,18.0,40.0,0.0,33,615,1,1.0,1.0,-149.0,Left
words,0.0,,,,,,,,,,,,,,,,,,,,,,,,,,,,,,,,,,,,,,,,,,,,,,,521,738,0,0.0,0.0,,Neutral
work,0.0,,,,,,,,,,,,,,,,,,,,,,,,,,,,,,,,,,,,,,,,,,,,,,,446,2235,0,0.0,0.0,,Neutral
would be,0.0,,,,,,,,,,,,,,,,,,,,,,,,,,,,,,,,,,,,,,,,,,,,,,,730,3353,0,0.0,0.0,,Neutral
would have,0.0,,,,,,,,,,,,,,,,,,,,,,,,,,,,,,,,,,,,,,,,,,,,,,,959,1954,0,0.0,0.0,,Neutral
year,0.0,,,,,,,,,,,,,,,,,,,,,,,,,,,,,,,,,,,,,,,,,,,,,,,244,5991,0,0.0,0.0,,Neutral
years,0.0,,,,,,,,,,,,,,,,,,,,,,,,,,,,,,,,,,,,,,,,,,,,,,,260,5180,0,0.0,0.0,,Neutral
years in prison,0.0,,,,,,,,,,,,,,,,,,,,,,,,,,,,,,,,,,,,,,,,,,,,,,,800,423,0,0.0,0.0,,Neutral
you kill them,0.0,,,,,,,,,,,,,,,,,,,,,,,,,,,,,,,,,,,,,,,,,,,,,,,943,112,0,0.0,0.0,,Neutral
you know,0.0,,,,,,,,,,,,,,,,,,,,,,,,,,,,,,,,,,,,,,,,,,,,,,,915,419,0,0.0,0.0,,Neutral
young,0.0,,,,,,,,,,,,,,,,,,,,,,,,,,,,,,,,,,,,,,,,,,,,,,,598,982,0,0.0,0.0,,Neutral
your inbox,0.0,,,,,,,,,,,,,,,,,,,,,,,,,,,,,,,,,,,,,,,,,,,,,,,668,405,0,0.0,0.0,,Neutral
