PHRASE,TOTAL,aljazeera,alternet,ap,atlantic,breitbart,buzzfeed,cbs,cnn,commondreams,conversation,counterpunch,dailycaller,dailykos,dailymail,economist,federalist,fox,guardian,huffingtonpost,intercept,motherjones,nbc,npr,nypost,nytimes,pjmedia,rawstory,redstate,usatoday,vox,wapo,wsj,Unnamed: 0,COUNT,ON_TOPIC,UNIQUE,SPECIFIC,bias_score,calculated_bias
ADVERTISEMENT The,0.0,,,,,,,,,,,,,,,,,,,,,,,,,,,,,,,,,631,39,0,0.0,0.0,,Neutral
Alaska Native,0.0,,,,,,,,,,,,,,,,,,,,,,,,,,,,,,,,,297,142,0,0.0,0.0,,Neutral
American Indian,497.0,4.0,5.0,8.0,6.0,22.0,1.0,7.0,5.0,8.0,24.0,20.0,25.0,67.0,1.0,5.0,9.0,7.0,20.0,9.0,7.0,6.0,26.0,22.0,8.0,10.0,4.0,15.0,18.0,34.0,19.0,72.0,3.0,22,497,1,1.0,1.0,-102.0,Left
American Indian on,0.0,,,,,,,,,,,,,,,,,,,,,,,,,,,,,,,,,940,9,0,0.0,0.0,,Neutral
American Indians,0.0,,,,,,,,,,,,,,,,,,,,,,,,,,,,,,,,,137,343,1,0.0,0.0,,Neutral
American and,0.0,,,,,,,,,,,,,,,,,,,,,,,,,,,,,,,,,844,55,0,0.0,0.0,,Neutral
American woman in,0.0,,,,,,,,,,,,,,,,,,,,,,,,,,,,,,,,,899,8,0,0.0,0.0,,Neutral
And so,0.0,,,,,,,,,,,,,,,,,,,,,,,,,,,,,,,,,643,93,0,0.0,0.0,,Neutral
Around the,0.0,,,,,,,,,,,,,,,,,,,,,,,,,,,,,,,,,595,17,0,0.0,0.0,,Neutral
Bears Ears,0.0,,,,,,,,,,,,,,,,,,,,,,,,,,,,,,,,,83,193,1,1.0,0.0,,Neutral
CARES Act,0.0,,,,,,,,,,,,,,,,,,,,,,,,,,,,,,,,,278,72,0,0.0,0.0,,Neutral
Centers for Disease,0.0,,,,,,,,,,,,,,,,,,,,,,,,,,,,,,,,,661,22,0,0.0,0.0,,Neutral
Cherokee Nation,0.0,,,,,,,,,,,,,,,,,,,,,,,,,,,,,,,,,84,248,1,1.0,0.0,,Neutral
Cheyenne River Sioux,0.0,,,,,,,,,,,,,,,,,,,,,,,,,,,,,,,,,371,109,0,0.0,0.0,,Neutral
Child Welfare Act,0.0,,,,,,,,,,,,,,,,,,,,,,,,,,,,,,,,,386,46,0,0.0,0.0,,Neutral
Columbus Day,0.0,,,,,,,,,,,,,,,,,,,,,,,,,,,,,,,,,547,67,0,0.0,0.0,,Neutral
Control and Prevention,0.0,,,,,,,,,,,,,,,,,,,,,,,,,,,,,,,,,706,17,0,0.0,0.0,,Neutral
Creek Nation,0.0,,,,,,,,,,,,,,,,,,,,,,,,,,,,,,,,,539,137,0,0.0,0.0,,Neutral
Creek Nations,0.0,,,,,,,,,,,,,,,,,,,,,,,,,,,,,,,,,340,18,0,0.0,0.0,,Neutral
Creek Reservation,0.0,,,,,,,,,,,,,,,,,,,,,,,,,,,,,,,,,514,8,0,0.0,0.0,,Neutral
Creek reservation,0.0,,,,,,,,,,,,,,,,,,,,,,,,,,,,,,,,,432,15,0,0.0,0.0,,Neutral
DNA test,0.0,,,,,,,,,,,,,,,,,,,,,,,,,,,,,,,,,55,177,1,1.0,0.0,,Neutral
DNA tests,0.0,,,,,,,,,,,,,,,,,,,,,,,,,,,,,,,,,129,41,1,0.0,0.0,,Neutral
Dakota Access,0.0,,,,,,,,,,,,,,,,,,,,,,,,,,,,,,,,,88,149,1,1.0,0.0,,Neutral
Dakota Access pipeline,0.0,,,,,,,,,,,,,,,,,,,,,,,,,,,,,,,,,131,44,1,0.0,0.0,,Neutral
Department of,0.0,,,,,,,,,,,,,,,,,,,,,,,,,,,,,,,,,893,194,0,0.0,0.0,,Neutral
Disease Control and,0.0,,,,,,,,,,,,,,,,,,,,,,,,,,,,,,,,,670,20,0,0.0,0.0,,Neutral
Eastern Oklahoma,0.0,,,,,,,,,,,,,,,,,,,,,,,,,,,,,,,,,389,16,0,0.0,0.0,,Neutral
Elizabeth Warren,0.0,,,,,,,,,,,,,,,,,,,,,,,,,,,,,,,,,89,208,1,1.0,0.0,,Neutral
Elizabeth Warrens,0.0,,,,,,,,,,,,,,,,,,,,,,,,,,,,,,,,,362,16,0,0.0,0.0,,Neutral
Environmental Impact Statement,0.0,,,,,,,,,,,,,,,,,,,,,,,,,,,,,,,,,430,18,0,0.0,0.0,,Neutral
For most,0.0,,,,,,,,,,,,,,,,,,,,,,,,,,,,,,,,,861,11,0,0.0,0.0,,Neutral
Honor the Earth,0.0,,,,,,,,,,,,,,,,,,,,,,,,,,,,,,,,,697,21,0,0.0,0.0,,Neutral
I mean,0.0,,,,,,,,,,,,,,,,,,,,,,,,,,,,,,,,,877,73,0,0.0,0.0,,Neutral
I think,0.0,,,,,,,,,,,,,,,,,,,,,,,,,,,,,,,,,648,264,0,0.0,0.0,,Neutral
I was,0.0,,,,,,,,,,,,,,,,,,,,,,,,,,,,,,,,,992,221,0,0.0,0.0,,Neutral
In fact,0.0,,,,,,,,,,,,,,,,,,,,,,,,,,,,,,,,,694,45,0,0.0,0.0,,Neutral
In fact the,0.0,,,,,,,,,,,,,,,,,,,,,,,,,,,,,,,,,902,8,0,0.0,0.0,,Neutral
In many,0.0,,,,,,,,,,,,,,,,,,,,,,,,,,,,,,,,,783,13,0,0.0,0.0,,Neutral
In the,0.0,,,,,,,,,,,,,,,,,,,,,,,,,,,,,,,,,564,486,0,0.0,0.0,,Neutral
In the early,0.0,,,,,,,,,,,,,,,,,,,,,,,,,,,,,,,,,591,18,0,0.0,0.0,,Neutral
Indian Child Welfare,0.0,,,,,,,,,,,,,,,,,,,,,,,,,,,,,,,,,538,51,0,0.0,0.0,,Neutral
Indian Country,331.0,1.0,7.0,10.0,0.0,8.0,0.0,1.0,4.0,17.0,6.0,17.0,0.0,21.0,1.0,1.0,1.0,2.0,8.0,5.0,4.0,19.0,24.0,23.0,6.0,7.0,0.0,10.0,0.0,53.0,40.0,35.0,0.0,4,331,1,1.0,1.0,-149.0,Left
Indian Health,0.0,,,,,,,,,,,,,,,,,,,,,,,,,,,,,,,,,96,194,1,1.0,0.0,,Neutral
Indian Health Service,0.0,,,,,,,,,,,,,,,,,,,,,,,,,,,,,,,,,537,116,0,0.0,0.0,,Neutral
Indian country,0.0,,,,,,,,,,,,,,,,,,,,,,,,,,,,,,,,,546,118,0,0.0,0.0,,Neutral
Indian is,0.0,,,,,,,,,,,,,,,,,,,,,,,,,,,,,,,,,786,26,0,0.0,0.0,,Neutral
Indian reservation,53.0,2.0,0.0,0.0,0.0,4.0,0.0,0.0,2.0,1.0,0.0,0.0,1.0,0.0,0.0,3.0,3.0,4.0,4.0,3.0,1.0,1.0,4.0,7.0,2.0,3.0,0.0,0.0,0.0,3.0,1.0,2.0,2.0,5,53,1,1.0,1.0,-2.0,Left
Indian tribe,32.0,0.0,1.0,1.0,0.0,1.0,4.0,0.0,1.0,0.0,0.0,0.0,2.0,2.0,1.0,0.0,2.0,0.0,1.0,0.0,0.0,0.0,0.0,1.0,2.0,0.0,0.0,1.0,2.0,3.0,0.0,6.0,1.0,27,32,1,1.0,1.0,-3.0,Left
Indians a,0.0,,,,,,,,,,,,,,,,,,,,,,,,,,,,,,,,,816,15,0,0.0,0.0,,Neutral
Indians and,0.0,,,,,,,,,,,,,,,,,,,,,,,,,,,,,,,,,889,143,0,0.0,0.0,,Neutral
Indigenous Peoples,0.0,,,,,,,,,,,,,,,,,,,,,,,,,,,,,,,,,544,128,0,0.0,0.0,,Neutral
Indigenous people,209.0,19.0,14.0,0.0,1.0,6.0,0.0,1.0,8.0,16.0,34.0,7.0,0.0,7.0,0.0,0.0,3.0,0.0,22.0,0.0,21.0,8.0,4.0,3.0,0.0,3.0,0.0,15.0,2.0,7.0,6.0,2.0,0.0,6,209,1,1.0,1.0,-98.0,Left
Indigenous peoples,0.0,,,,,,,,,,,,,,,,,,,,,,,,,,,,,,,,,545,92,0,0.0,0.0,,Neutral
It is,0.0,,,,,,,,,,,,,,,,,,,,,,,,,,,,,,,,,977,272,0,0.0,0.0,,Neutral
Junipero Serra,0.0,,,,,,,,,,,,,,,,,,,,,,,,,,,,,,,,,97,32,1,1.0,0.0,,Neutral
Justice Department,0.0,,,,,,,,,,,,,,,,,,,,,,,,,,,,,,,,,81,41,1,1.0,0.0,,Neutral
Justice Neil Gorsuch,0.0,,,,,,,,,,,,,,,,,,,,,,,,,,,,,,,,,394,35,0,0.0,0.0,,Neutral
Keystone XL,0.0,,,,,,,,,,,,,,,,,,,,,,,,,,,,,,,,,541,93,0,0.0,0.0,,Neutral
Mardi Gras,0.0,,,,,,,,,,,,,,,,,,,,,,,,,,,,,,,,,356,22,0,0.0,0.0,,Neutral
Mount Rushmore,0.0,,,,,,,,,,,,,,,,,,,,,,,,,,,,,,,,,99,177,1,1.0,0.0,,Neutral
Muscogee Creek,0.0,,,,,,,,,,,,,,,,,,,,,,,,,,,,,,,,,100,91,1,1.0,0.0,,Neutral
Muscogee Creek Nation,0.0,,,,,,,,,,,,,,,,,,,,,,,,,,,,,,,,,540,60,0,0.0,0.0,,Neutral
Nation a,0.0,,,,,,,,,,,,,,,,,,,,,,,,,,,,,,,,,743,18,0,0.0,0.0,,Neutral
Nations reservation,0.0,,,,,,,,,,,,,,,,,,,,,,,,,,,,,,,,,427,8,0,0.0,0.0,,Neutral
Native American,0.0,,,,,,,,,,,,,,,,,,,,,,,,,,,,,,,,,101,2140,1,1.0,0.0,,Neutral
Native American and,0.0,,,,,,,,,,,,,,,,,,,,,,,,,,,,,,,,,810,31,0,0.0,0.0,,Neutral
Native American communities,86.0,1.0,3.0,2.0,0.0,1.0,1.0,6.0,4.0,4.0,5.0,0.0,0.0,3.0,1.0,0.0,0.0,1.0,0.0,4.0,2.0,4.0,5.0,3.0,1.0,2.0,0.0,8.0,0.0,10.0,5.0,9.0,1.0,25,86,1,1.0,1.0,-39.0,Left
Native American rights,15.0,2.0,0.0,0.0,0.0,0.0,0.0,0.0,0.0,3.0,0.0,0.0,0.0,0.0,0.0,1.0,0.0,1.0,0.0,0.0,0.0,0.0,0.0,0.0,0.0,0.0,0.0,2.0,2.0,2.0,0.0,1.0,1.0,28,15,1,1.0,1.0,-2.0,Left
Native American students,0.0,,,,,,,,,,,,,,,,,,,,,,,,,,,,,,,,,123,31,1,0.0,0.0,,Neutral
Native American tribe,0.0,,,,,,,,,,,,,,,,,,,,,,,,,,,,,,,,,307,61,0,0.0,0.0,,Neutral
Native American tribes,0.0,,,,,,,,,,,,,,,,,,,,,,,,,,,,,,,,,482,131,0,0.0,0.0,,Neutral
Native American woman,0.0,,,,,,,,,,,,,,,,,,,,,,,,,,,,,,,,,132,26,1,0.0,0.0,,Neutral
Native American women,0.0,,,,,,,,,,,,,,,,,,,,,,,,,,,,,,,,,125,95,1,0.0,0.0,,Neutral
Native Americans,1250.0,27.0,15.0,28.0,9.0,20.0,10.0,3.0,60.0,53.0,46.0,8.0,14.0,44.0,12.0,17.0,23.0,25.0,91.0,24.0,11.0,23.0,83.0,78.0,39.0,34.0,23.0,64.0,23.0,85.0,58.0,200.0,0.0,23,1250,1,1.0,1.0,-478.0,Left
Native children,0.0,,,,,,,,,,,,,,,,,,,,,,,,,,,,,,,,,383,69,0,0.0,0.0,,Neutral
Native people,314.0,4.0,5.0,3.0,11.0,6.0,0.0,2.0,3.0,25.0,8.0,12.0,0.0,26.0,2.0,0.0,2.0,2.0,22.0,25.0,22.0,5.0,35.0,6.0,6.0,10.0,5.0,8.0,4.0,4.0,24.0,27.0,0.0,11,314,1,1.0,1.0,-169.0,Left
Navajo Nation,0.0,,,,,,,,,,,,,,,,,,,,,,,,,,,,,,,,,102,558,1,1.0,0.0,,Neutral
New Mexico,0.0,,,,,,,,,,,,,,,,,,,,,,,,,,,,,,,,,310,269,0,0.0,0.0,,Neutral
New Zealand,0.0,,,,,,,,,,,,,,,,,,,,,,,,,,,,,,,,,359,30,0,0.0,0.0,,Neutral
Ninth century,0.0,,,,,,,,,,,,,,,,,,,,,,,,,,,,,,,,,144,71,0,0.0,0.0,,Neutral
North Dakota,0.0,,,,,,,,,,,,,,,,,,,,,,,,,,,,,,,,,103,335,1,1.0,0.0,,Neutral
Ojibwe tribe,0.0,,,,,,,,,,,,,,,,,,,,,,,,,,,,,,,,,526,6,0,0.0,0.0,,Neutral
Oklahoma and,0.0,,,,,,,,,,,,,,,,,,,,,,,,,,,,,,,,,733,42,0,0.0,0.0,,Neutral
Oklahoma and the,0.0,,,,,,,,,,,,,,,,,,,,,,,,,,,,,,,,,868,12,0,0.0,0.0,,Neutral
Oklahoma in,0.0,,,,,,,,,,,,,,,,,,,,,,,,,,,,,,,,,608,10,0,0.0,0.0,,Neutral
Oklahoma including,0.0,,,,,,,,,,,,,,,,,,,,,,,,,,,,,,,,,968,7,0,0.0,0.0,,Neutral
Oklahoma state,0.0,,,,,,,,,,,,,,,,,,,,,,,,,,,,,,,,,104,13,1,1.0,0.0,,Neutral
Oklahoma was,0.0,,,,,,,,,,,,,,,,,,,,,,,,,,,,,,,,,769,17,0,0.0,0.0,,Neutral
Read more,0.0,,,,,,,,,,,,,,,,,,,,,,,,,,,,,,,,,865,65,0,0.0,0.0,,Neutral
Red Cloud,0.0,,,,,,,,,,,,,,,,,,,,,,,,,,,,,,,,,105,44,1,1.0,0.0,,Neutral
River Sioux Tribe,0.0,,,,,,,,,,,,,,,,,,,,,,,,,,,,,,,,,396,70,0,0.0,0.0,,Neutral
Rock Sioux Tribe,0.0,,,,,,,,,,,,,,,,,,,,,,,,,,,,,,,,,402,54,0,0.0,0.0,,Neutral
Sen Elizabeth Warren,0.0,,,,,,,,,,,,,,,,,,,,,,,,,,,,,,,,,400,80,0,0.0,0.0,,Neutral
Sioux Tribe,0.0,,,,,,,,,,,,,,,,,,,,,,,,,,,,,,,,,107,201,1,1.0,0.0,,Neutral
Sitting Bull,31.0,0.0,0.0,0.0,0.0,0.0,0.0,0.0,0.0,1.0,0.0,0.0,0.0,11.0,0.0,0.0,0.0,0.0,0.0,0.0,2.0,0.0,1.0,0.0,14.0,1.0,0.0,0.0,0.0,1.0,0.0,0.0,0.0,33,31,1,1.0,1.0,10.0,Right
South Dakota,0.0,,,,,,,,,,,,,,,,,,,,,,,,,,,,,,,,,108,355,1,1.0,0.0,,Neutral
Standing Rock,0.0,,,,,,,,,,,,,,,,,,,,,,,,,,,,,,,,,110,313,1,1.0,0.0,,Neutral
Standing Rock Sioux,0.0,,,,,,,,,,,,,,,,,,,,,,,,,,,,,,,,,333,104,0,0.0,0.0,,Neutral
States Supreme Court,0.0,,,,,,,,,,,,,,,,,,,,,,,,,,,,,,,,,347,39,0,0.0,0.0,,Neutral
Supreme Court,0.0,,,,,,,,,,,,,,,,,,,,,,,,,,,,,,,,,41,282,1,1.0,0.0,,Neutral
Supreme Court ruling,0.0,,,,,,,,,,,,,,,,,,,,,,,,,,,,,,,,,374,20,0,0.0,0.0,,Neutral
The Daily,0.0,,,,,,,,,,,,,,,,,,,,,,,,,,,,,,,,,609,30,0,0.0,0.0,,Neutral
The Supreme Court,0.0,,,,,,,,,,,,,,,,,,,,,,,,,,,,,,,,,759,36,0,0.0,0.0,,Neutral
The case,0.0,,,,,,,,,,,,,,,,,,,,,,,,,,,,,,,,,801,37,0,0.0,0.0,,Neutral
The court,0.0,,,,,,,,,,,,,,,,,,,,,,,,,,,,,,,,,740,24,0,0.0,0.0,,Neutral
The federal,0.0,,,,,,,,,,,,,,,,,,,,,,,,,,,,,,,,,722,50,0,0.0,0.0,,Neutral
The history of,0.0,,,,,,,,,,,,,,,,,,,,,,,,,,,,,,,,,795,14,0,0.0,0.0,,Neutral
The latest,0.0,,,,,,,,,,,,,,,,,,,,,,,,,,,,,,,,,886,12,0,0.0,0.0,,Neutral
The new,0.0,,,,,,,,,,,,,,,,,,,,,,,,,,,,,,,,,680,35,0,0.0,0.0,,Neutral
The tribe,0.0,,,,,,,,,,,,,,,,,,,,,,,,,,,,,,,,,664,159,0,0.0,0.0,,Neutral
They were,0.0,,,,,,,,,,,,,,,,,,,,,,,,,,,,,,,,,574,74,0,0.0,0.0,,Neutral
Thursday that,0.0,,,,,,,,,,,,,,,,,,,,,,,,,,,,,,,,,754,19,0,0.0,0.0,,Neutral
Tulsa is,0.0,,,,,,,,,,,,,,,,,,,,,,,,,,,,,,,,,996,5,0,0.0,0.0,,Neutral
Turtle Mountain,0.0,,,,,,,,,,,,,,,,,,,,,,,,,,,,,,,,,542,62,0,0.0,0.0,,Neutral
United States,0.0,,,,,,,,,,,,,,,,,,,,,,,,,,,,,,,,,42,1557,1,1.0,0.0,,Neutral
United States Supreme,0.0,,,,,,,,,,,,,,,,,,,,,,,,,,,,,,,,,349,43,0,0.0,0.0,,Neutral
United States and,0.0,,,,,,,,,,,,,,,,,,,,,,,,,,,,,,,,,757,78,0,0.0,0.0,,Neutral
Warren is,0.0,,,,,,,,,,,,,,,,,,,,,,,,,,,,,,,,,624,58,0,0.0,0.0,,Neutral
We are,0.0,,,,,,,,,,,,,,,,,,,,,,,,,,,,,,,,,883,184,0,0.0,0.0,,Neutral
White Earth,0.0,,,,,,,,,,,,,,,,,,,,,,,,,,,,,,,,,296,25,0,0.0,0.0,,Neutral
Winona LaDuke,0.0,,,,,,,,,,,,,,,,,,,,,,,,,,,,,,,,,510,6,0,0.0,0.0,,Neutral
a Native American,0.0,,,,,,,,,,,,,,,,,,,,,,,,,,,,,,,,,549,195,0,0.0,0.0,,Neutral
a Supreme Court,0.0,,,,,,,,,,,,,,,,,,,,,,,,,,,,,,,,,859,23,0,0.0,0.0,,Neutral
a casino,0.0,,,,,,,,,,,,,,,,,,,,,,,,,,,,,,,,,891,58,0,0.0,0.0,,Neutral
a city,0.0,,,,,,,,,,,,,,,,,,,,,,,,,,,,,,,,,827,13,0,0.0,0.0,,Neutral
a cultural,0.0,,,,,,,,,,,,,,,,,,,,,,,,,,,,,,,,,589,29,0,0.0,0.0,,Neutral
a fellow,0.0,,,,,,,,,,,,,,,,,,,,,,,,,,,,,,,,,813,16,0,0.0,0.0,,Neutral
a government,0.0,,,,,,,,,,,,,,,,,,,,,,,,,,,,,,,,,741,35,0,0.0,0.0,,Neutral
a group of,0.0,,,,,,,,,,,,,,,,,,,,,,,,,,,,,,,,,582,90,0,0.0,0.0,,Neutral
a landmark,0.0,,,,,,,,,,,,,,,,,,,,,,,,,,,,,,,,,755,13,0,0.0,0.0,,Neutral
a large,0.0,,,,,,,,,,,,,,,,,,,,,,,,,,,,,,,,,702,81,0,0.0,0.0,,Neutral
a lot of,0.0,,,,,,,,,,,,,,,,,,,,,,,,,,,,,,,,,913,243,0,0.0,0.0,,Neutral
a public,0.0,,,,,,,,,,,,,,,,,,,,,,,,,,,,,,,,,652,58,0,0.0,0.0,,Neutral
a remote,0.0,,,,,,,,,,,,,,,,,,,,,,,,,,,,,,,,,692,39,0,0.0,0.0,,Neutral
a reservation,0.0,,,,,,,,,,,,,,,,,,,,,,,,,,,,,,,,,770,119,0,0.0,0.0,,Neutral
a reservation for,0.0,,,,,,,,,,,,,,,,,,,,,,,,,,,,,,,,,919,9,0,0.0,0.0,,Neutral
a set of,0.0,,,,,,,,,,,,,,,,,,,,,,,,,,,,,,,,,915,10,0,0.0,0.0,,Neutral
a sign,0.0,,,,,,,,,,,,,,,,,,,,,,,,,,,,,,,,,747,15,0,0.0,0.0,,Neutral
a sign of,0.0,,,,,,,,,,,,,,,,,,,,,,,,,,,,,,,,,898,8,0,0.0,0.0,,Neutral
a similar,0.0,,,,,,,,,,,,,,,,,,,,,,,,,,,,,,,,,745,48,0,0.0,0.0,,Neutral
a source of,0.0,,,,,,,,,,,,,,,,,,,,,,,,,,,,,,,,,593,18,0,0.0,0.0,,Neutral
a statement,0.0,,,,,,,,,,,,,,,,,,,,,,,,,,,,,,,,,797,251,0,0.0,0.0,,Neutral
a term,0.0,,,,,,,,,,,,,,,,,,,,,,,,,,,,,,,,,962,6,0,0.0,0.0,,Neutral
a tribe,0.0,,,,,,,,,,,,,,,,,,,,,,,,,,,,,,,,,840,111,0,0.0,0.0,,Neutral
a tribe member,0.0,,,,,,,,,,,,,,,,,,,,,,,,,,,,,,,,,904,8,0,0.0,0.0,,Neutral
a white,0.0,,,,,,,,,,,,,,,,,,,,,,,,,,,,,,,,,581,75,0,0.0,0.0,,Neutral
a white man,0.0,,,,,,,,,,,,,,,,,,,,,,,,,,,,,,,,,876,11,0,0.0,0.0,,Neutral
able to,0.0,,,,,,,,,,,,,,,,,,,,,,,,,,,,,,,,,985,276,0,0.0,0.0,,Neutral
abolished,0.0,,,,,,,,,,,,,,,,,,,,,,,,,,,,,,,,,459,11,0,0.0,0.0,,Neutral
about in,0.0,,,,,,,,,,,,,,,,,,,,,,,,,,,,,,,,,674,19,0,0.0,0.0,,Neutral
about the,0.0,,,,,,,,,,,,,,,,,,,,,,,,,,,,,,,,,711,519,0,0.0,0.0,,Neutral
abundance,0.0,,,,,,,,,,,,,,,,,,,,,,,,,,,,,,,,,483,7,0,0.0,0.0,,Neutral
according to,0.0,,,,,,,,,,,,,,,,,,,,,,,,,,,,,,,,,596,576,0,0.0,0.0,,Neutral
according to the,0.0,,,,,,,,,,,,,,,,,,,,,,,,,,,,,,,,,850,203,0,0.0,0.0,,Neutral
across,0.0,,,,,,,,,,,,,,,,,,,,,,,,,,,,,,,,,277,607,0,0.0,0.0,,Neutral
actually,0.0,,,,,,,,,,,,,,,,,,,,,,,,,,,,,,,,,528,201,0,0.0,0.0,,Neutral
added,0.0,,,,,,,,,,,,,,,,,,,,,,,,,,,,,,,,,504,245,0,0.0,0.0,,Neutral
address,0.0,,,,,,,,,,,,,,,,,,,,,,,,,,,,,,,,,404,234,0,0.0,0.0,,Neutral
addresses,0.0,,,,,,,,,,,,,,,,,,,,,,,,,,,,,,,,,481,72,0,0.0,0.0,,Neutral
administration,0.0,,,,,,,,,,,,,,,,,,,,,,,,,,,,,,,,,218,335,0,0.0,0.0,,Neutral
admitted,0.0,,,,,,,,,,,,,,,,,,,,,,,,,,,,,,,,,336,28,0,0.0,0.0,,Neutral
admitted to,0.0,,,,,,,,,,,,,,,,,,,,,,,,,,,,,,,,,867,12,0,0.0,0.0,,Neutral
adopted,0.0,,,,,,,,,,,,,,,,,,,,,,,,,,,,,,,,,287,78,0,0.0,0.0,,Neutral
advantage,0.0,,,,,,,,,,,,,,,,,,,,,,,,,,,,,,,,,231,34,0,0.0,0.0,,Neutral
agencies,0.0,,,,,,,,,,,,,,,,,,,,,,,,,,,,,,,,,204,125,0,0.0,0.0,,Neutral
agencies that,0.0,,,,,,,,,,,,,,,,,,,,,,,,,,,,,,,,,815,10,0,0.0,0.0,,Neutral
all Native,0.0,,,,,,,,,,,,,,,,,,,,,,,,,,,,,,,,,685,39,0,0.0,0.0,,Neutral
all Native American,0.0,,,,,,,,,,,,,,,,,,,,,,,,,,,,,,,,,809,13,0,0.0,0.0,,Neutral
allotment,0.0,,,,,,,,,,,,,,,,,,,,,,,,,,,,,,,,,503,35,0,0.0,0.0,,Neutral
already,0.0,,,,,,,,,,,,,,,,,,,,,,,,,,,,,,,,,513,375,0,0.0,0.0,,Neutral
also the,0.0,,,,,,,,,,,,,,,,,,,,,,,,,,,,,,,,,573,41,0,0.0,0.0,,Neutral
among them,0.0,,,,,,,,,,,,,,,,,,,,,,,,,,,,,,,,,724,23,0,0.0,0.0,,Neutral
an American,0.0,,,,,,,,,,,,,,,,,,,,,,,,,,,,,,,,,839,73,0,0.0,0.0,,Neutral
an American Indian,0.0,,,,,,,,,,,,,,,,,,,,,,,,,,,,,,,,,789,37,0,0.0,0.0,,Neutral
an Indian,0.0,,,,,,,,,,,,,,,,,,,,,,,,,,,,,,,,,667,136,0,0.0,0.0,,Neutral
an Indian reservation,0.0,,,,,,,,,,,,,,,,,,,,,,,,,,,,,,,,,550,29,0,0.0,0.0,,Neutral
an oil,0.0,,,,,,,,,,,,,,,,,,,,,,,,,,,,,,,,,698,21,0,0.0,0.0,,Neutral
an oil pipeline,0.0,,,,,,,,,,,,,,,,,,,,,,,,,,,,,,,,,954,6,0,0.0,0.0,,Neutral
ancestors,0.0,,,,,,,,,,,,,,,,,,,,,,,,,,,,,,,,,477,274,0,0.0,0.0,,Neutral
ancestry,0.0,,,,,,,,,,,,,,,,,,,,,,,,,,,,,,,,,78,223,1,1.0,0.0,,Neutral
ancient,0.0,,,,,,,,,,,,,,,,,,,,,,,,,,,,,,,,,441,142,0,0.0,0.0,,Neutral
and a,0.0,,,,,,,,,,,,,,,,,,,,,,,,,,,,,,,,,922,533,0,0.0,0.0,,Neutral
and environmental,0.0,,,,,,,,,,,,,,,,,,,,,,,,,,,,,,,,,688,63,0,0.0,0.0,,Neutral
and environmental groups,0.0,,,,,,,,,,,,,,,,,,,,,,,,,,,,,,,,,857,10,0,0.0,0.0,,Neutral
and stories,0.0,,,,,,,,,,,,,,,,,,,,,,,,,,,,,,,,,617,74,0,0.0,0.0,,Neutral
and that,0.0,,,,,,,,,,,,,,,,,,,,,,,,,,,,,,,,,869,274,0,0.0,0.0,,Neutral
and the,0.0,,,,,,,,,,,,,,,,,,,,,,,,,,,,,,,,,607,1890,0,0.0,0.0,,Neutral
and the United,0.0,,,,,,,,,,,,,,,,,,,,,,,,,,,,,,,,,663,39,0,0.0,0.0,,Neutral
and thus,0.0,,,,,,,,,,,,,,,,,,,,,,,,,,,,,,,,,845,12,0,0.0,0.0,,Neutral
any Indian,0.0,,,,,,,,,,,,,,,,,,,,,,,,,,,,,,,,,911,9,0,0.0,0.0,,Neutral
approved,0.0,,,,,,,,,,,,,,,,,,,,,,,,,,,,,,,,,378,76,0,0.0,0.0,,Neutral
approved the,0.0,,,,,,,,,,,,,,,,,,,,,,,,,,,,,,,,,796,21,0,0.0,0.0,,Neutral
archaeologists,0.0,,,,,,,,,,,,,,,,,,,,,,,,,,,,,,,,,516,67,0,0.0,0.0,,Neutral
are happening,0.0,,,,,,,,,,,,,,,,,,,,,,,,,,,,,,,,,949,20,0,0.0,0.0,,Neutral
are starting to,0.0,,,,,,,,,,,,,,,,,,,,,,,,,,,,,,,,,905,10,0,0.0,0.0,,Neutral
area,0.0,,,,,,,,,,,,,,,,,,,,,,,,,,,,,,,,,236,517,0,0.0,0.0,,Neutral
arent,0.0,,,,,,,,,,,,,,,,,,,,,,,,,,,,,,,,,372,123,0,0.0,0.0,,Neutral
argued,0.0,,,,,,,,,,,,,,,,,,,,,,,,,,,,,,,,,265,150,0,0.0,0.0,,Neutral
argued that,0.0,,,,,,,,,,,,,,,,,,,,,,,,,,,,,,,,,823,76,0,0.0,0.0,,Neutral
argued that Congress,0.0,,,,,,,,,,,,,,,,,,,,,,,,,,,,,,,,,966,7,0,0.0,0.0,,Neutral
arguing,0.0,,,,,,,,,,,,,,,,,,,,,,,,,,,,,,,,,358,60,0,0.0,0.0,,Neutral
arguing that,0.0,,,,,,,,,,,,,,,,,,,,,,,,,,,,,,,,,782,42,0,0.0,0.0,,Neutral
around,0.0,,,,,,,,,,,,,,,,,,,,,,,,,,,,,,,,,317,569,0,0.0,0.0,,Neutral
around the,0.0,,,,,,,,,,,,,,,,,,,,,,,,,,,,,,,,,847,203,0,0.0,0.0,,Neutral
around the country,0.0,,,,,,,,,,,,,,,,,,,,,,,,,,,,,,,,,655,33,0,0.0,0.0,,Neutral
arrested,0.0,,,,,,,,,,,,,,,,,,,,,,,,,,,,,,,,,257,54,0,0.0,0.0,,Neutral
arrival,0.0,,,,,,,,,,,,,,,,,,,,,,,,,,,,,,,,,313,51,0,0.0,0.0,,Neutral
as American Indian,0.0,,,,,,,,,,,,,,,,,,,,,,,,,,,,,,,,,860,20,0,0.0,0.0,,Neutral
as Indian,0.0,,,,,,,,,,,,,,,,,,,,,,,,,,,,,,,,,852,20,0,0.0,0.0,,Neutral
as Native,0.0,,,,,,,,,,,,,,,,,,,,,,,,,,,,,,,,,763,64,0,0.0,0.0,,Neutral
as Native American,0.0,,,,,,,,,,,,,,,,,,,,,,,,,,,,,,,,,802,42,0,0.0,0.0,,Neutral
as a,0.0,,,,,,,,,,,,,,,,,,,,,,,,,,,,,,,,,653,943,0,0.0,0.0,,Neutral
as the,0.0,,,,,,,,,,,,,,,,,,,,,,,,,,,,,,,,,621,656,0,0.0,0.0,,Neutral
aside,0.0,,,,,,,,,,,,,,,,,,,,,,,,,,,,,,,,,285,70,0,0.0,0.0,,Neutral
asks,0.0,,,,,,,,,,,,,,,,,,,,,,,,,,,,,,,,,267,29,0,0.0,0.0,,Neutral
at the,0.0,,,,,,,,,,,,,,,,,,,,,,,,,,,,,,,,,739,1210,0,0.0,0.0,,Neutral
athletic,0.0,,,,,,,,,,,,,,,,,,,,,,,,,,,,,,,,,151,21,0,0.0,0.0,,Neutral
audience,0.0,,,,,,,,,,,,,,,,,,,,,,,,,,,,,,,,,222,39,0,0.0,0.0,,Neutral
available,0.0,,,,,,,,,,,,,,,,,,,,,,,,,,,,,,,,,437,115,0,0.0,0.0,,Neutral
back,0.0,,,,,,,,,,,,,,,,,,,,,,,,,,,,,,,,,440,735,0,0.0,0.0,,Neutral
ballot,0.0,,,,,,,,,,,,,,,,,,,,,,,,,,,,,,,,,428,87,0,0.0,0.0,,Neutral
ballots,0.0,,,,,,,,,,,,,,,,,,,,,,,,,,,,,,,,,192,72,0,0.0,0.0,,Neutral
be part of,0.0,,,,,,,,,,,,,,,,,,,,,,,,,,,,,,,,,766,14,0,0.0,0.0,,Neutral
be tried in,0.0,,,,,,,,,,,,,,,,,,,,,,,,,,,,,,,,,909,8,0,0.0,0.0,,Neutral
because the,0.0,,,,,,,,,,,,,,,,,,,,,,,,,,,,,,,,,906,128,0,0.0,0.0,,Neutral
beliefs,0.0,,,,,,,,,,,,,,,,,,,,,,,,,,,,,,,,,302,30,0,0.0,0.0,,Neutral
beyond,0.0,,,,,,,,,,,,,,,,,,,,,,,,,,,,,,,,,443,120,0,0.0,0.0,,Neutral
beyond the,0.0,,,,,,,,,,,,,,,,,,,,,,,,,,,,,,,,,726,42,0,0.0,0.0,,Neutral
bill,0.0,,,,,,,,,,,,,,,,,,,,,,,,,,,,,,,,,47,268,1,1.0,0.0,,Neutral
billion,0.0,,,,,,,,,,,,,,,,,,,,,,,,,,,,,,,,,327,214,0,0.0,0.0,,Neutral
bison,0.0,,,,,,,,,,,,,,,,,,,,,,,,,,,,,,,,,521,63,0,0.0,0.0,,Neutral
black,0.0,,,,,,,,,,,,,,,,,,,,,,,,,,,,,,,,,518,149,0,0.0,0.0,,Neutral
bodies,0.0,,,,,,,,,,,,,,,,,,,,,,,,,,,,,,,,,524,65,0,0.0,0.0,,Neutral
body,0.0,,,,,,,,,,,,,,,,,,,,,,,,,,,,,,,,,456,191,0,0.0,0.0,,Neutral
book,0.0,,,,,,,,,,,,,,,,,,,,,,,,,,,,,,,,,206,228,0,0.0,0.0,,Neutral
border,0.0,,,,,,,,,,,,,,,,,,,,,,,,,,,,,,,,,65,338,1,1.0,0.0,,Neutral
border wall,0.0,,,,,,,,,,,,,,,,,,,,,,,,,,,,,,,,,476,61,0,0.0,0.0,,Neutral
born,0.0,,,,,,,,,,,,,,,,,,,,,,,,,,,,,,,,,499,125,0,0.0,0.0,,Neutral
business,0.0,,,,,,,,,,,,,,,,,,,,,,,,,,,,,,,,,364,174,0,0.0,0.0,,Neutral
by Justice Neil,0.0,,,,,,,,,,,,,,,,,,,,,,,,,,,,,,,,,941,7,0,0.0,0.0,,Neutral
by The,0.0,,,,,,,,,,,,,,,,,,,,,,,,,,,,,,,,,843,50,0,0.0,0.0,,Neutral
by a,0.0,,,,,,,,,,,,,,,,,,,,,,,,,,,,,,,,,599,242,0,0.0,0.0,,Neutral
by creating,0.0,,,,,,,,,,,,,,,,,,,,,,,,,,,,,,,,,957,6,0,0.0,0.0,,Neutral
by mail,0.0,,,,,,,,,,,,,,,,,,,,,,,,,,,,,,,,,620,61,0,0.0,0.0,,Neutral
by outsiders,0.0,,,,,,,,,,,,,,,,,,,,,,,,,,,,,,,,,999,5,0,0.0,0.0,,Neutral
by the,0.0,,,,,,,,,,,,,,,,,,,,,,,,,,,,,,,,,629,1116,0,0.0,0.0,,Neutral
call,0.0,,,,,,,,,,,,,,,,,,,,,,,,,,,,,,,,,472,225,0,0.0,0.0,,Neutral
call themselves,0.0,,,,,,,,,,,,,,,,,,,,,,,,,,,,,,,,,784,14,0,0.0,0.0,,Neutral
called,0.0,,,,,,,,,,,,,,,,,,,,,,,,,,,,,,,,,361,547,0,0.0,0.0,,Neutral
campaign,0.0,,,,,,,,,,,,,,,,,,,,,,,,,,,,,,,,,240,246,0,0.0,0.0,,Neutral
camps,0.0,,,,,,,,,,,,,,,,,,,,,,,,,,,,,,,,,220,52,0,0.0,0.0,,Neutral
can provide,0.0,,,,,,,,,,,,,,,,,,,,,,,,,,,,,,,,,686,24,0,0.0,0.0,,Neutral
candidates,0.0,,,,,,,,,,,,,,,,,,,,,,,,,,,,,,,,,203,104,0,0.0,0.0,,Neutral
care,0.0,,,,,,,,,,,,,,,,,,,,,,,,,,,,,,,,,181,524,0,0.0,0.0,,Neutral
case,0.0,,,,,,,,,,,,,,,,,,,,,,,,,,,,,,,,,180,577,0,0.0,0.0,,Neutral
cases,0.0,,,,,,,,,,,,,,,,,,,,,,,,,,,,,,,,,49,516,1,1.0,0.0,,Neutral
casino,321.0,2.0,0.0,3.0,0.0,18.0,0.0,0.0,1.0,8.0,0.0,0.0,6.0,4.0,18.0,11.0,0.0,14.0,18.0,1.0,11.0,0.0,6.0,7.0,1.0,11.0,0.0,9.0,64.0,17.0,2.0,89.0,0.0,0,321,1,1.0,1.0,-47.0,Left
cautiously,0.0,,,,,,,,,,,,,,,,,,,,,,,,,,,,,,,,,465,7,0,0.0,0.0,,Neutral
census,0.0,,,,,,,,,,,,,,,,,,,,,,,,,,,,,,,,,252,111,0,0.0,0.0,,Neutral
century,0.0,,,,,,,,,,,,,,,,,,,,,,,,,,,,,,,,,164,333,0,0.0,0.0,,Neutral
certain,0.0,,,,,,,,,,,,,,,,,,,,,,,,,,,,,,,,,408,109,0,0.0,0.0,,Neutral
change,0.0,,,,,,,,,,,,,,,,,,,,,,,,,,,,,,,,,186,506,0,0.0,0.0,,Neutral
charge,0.0,,,,,,,,,,,,,,,,,,,,,,,,,,,,,,,,,352,65,0,0.0,0.0,,Neutral
charge to,0.0,,,,,,,,,,,,,,,,,,,,,,,,,,,,,,,,,750,19,0,0.0,0.0,,Neutral
checkpoints,0.0,,,,,,,,,,,,,,,,,,,,,,,,,,,,,,,,,152,179,0,0.0,0.0,,Neutral
child,0.0,,,,,,,,,,,,,,,,,,,,,,,,,,,,,,,,,505,202,0,0.0,0.0,,Neutral
children,0.0,,,,,,,,,,,,,,,,,,,,,,,,,,,,,,,,,158,585,0,0.0,0.0,,Neutral
choosing,0.0,,,,,,,,,,,,,,,,,,,,,,,,,,,,,,,,,392,13,0,0.0,0.0,,Neutral
citizenship,0.0,,,,,,,,,,,,,,,,,,,,,,,,,,,,,,,,,59,151,1,1.0,0.0,,Neutral
city,0.0,,,,,,,,,,,,,,,,,,,,,,,,,,,,,,,,,145,192,0,0.0,0.0,,Neutral
claim,0.0,,,,,,,,,,,,,,,,,,,,,,,,,,,,,,,,,196,223,0,0.0,0.0,,Neutral
claimed,0.0,,,,,,,,,,,,,,,,,,,,,,,,,,,,,,,,,153,117,0,0.0,0.0,,Neutral
claims,0.0,,,,,,,,,,,,,,,,,,,,,,,,,,,,,,,,,176,232,0,0.0,0.0,,Neutral
classified,0.0,,,,,,,,,,,,,,,,,,,,,,,,,,,,,,,,,467,8,0,0.0,0.0,,Neutral
classified as,0.0,,,,,,,,,,,,,,,,,,,,,,,,,,,,,,,,,990,5,0,0.0,0.0,,Neutral
climate,0.0,,,,,,,,,,,,,,,,,,,,,,,,,,,,,,,,,79,189,1,1.0,0.0,,Neutral
colonial,130.0,10.0,5.0,0.0,3.0,3.0,2.0,0.0,2.0,4.0,16.0,11.0,0.0,9.0,0.0,1.0,7.0,3.0,9.0,0.0,0.0,0.0,3.0,6.0,0.0,16.0,0.0,3.0,1.0,5.0,3.0,8.0,0.0,34,130,1,1.0,1.0,-47.0,Left
colony,33.0,1.0,1.0,0.0,0.0,0.0,0.0,0.0,1.0,0.0,0.0,1.0,0.0,4.0,11.0,0.0,0.0,0.0,3.0,0.0,1.0,0.0,0.0,1.0,0.0,7.0,0.0,0.0,0.0,2.0,0.0,0.0,0.0,29,33,1,1.0,1.0,-13.0,Left
communities,0.0,,,,,,,,,,,,,,,,,,,,,,,,,,,,,,,,,126,909,1,0.0,0.0,,Neutral
community,0.0,,,,,,,,,,,,,,,,,,,,,,,,,,,,,,,,,76,719,1,1.0,0.0,,Neutral
company,0.0,,,,,,,,,,,,,,,,,,,,,,,,,,,,,,,,,211,210,0,0.0,0.0,,Neutral
complete,0.0,,,,,,,,,,,,,,,,,,,,,,,,,,,,,,,,,475,77,0,0.0,0.0,,Neutral
concert,0.0,,,,,,,,,,,,,,,,,,,,,,,,,,,,,,,,,490,7,0,0.0,0.0,,Neutral
construction,0.0,,,,,,,,,,,,,,,,,,,,,,,,,,,,,,,,,453,226,0,0.0,0.0,,Neutral
contributed to this,0.0,,,,,,,,,,,,,,,,,,,,,,,,,,,,,,,,,976,23,0,0.0,0.0,,Neutral
convictions,0.0,,,,,,,,,,,,,,,,,,,,,,,,,,,,,,,,,160,38,0,0.0,0.0,,Neutral
coronavirus has,0.0,,,,,,,,,,,,,,,,,,,,,,,,,,,,,,,,,683,19,0,0.0,0.0,,Neutral
corporations,0.0,,,,,,,,,,,,,,,,,,,,,,,,,,,,,,,,,85,146,1,1.0,0.0,,Neutral
could,0.0,,,,,,,,,,,,,,,,,,,,,,,,,,,,,,,,,200,1089,0,0.0,0.0,,Neutral
could lead to,0.0,,,,,,,,,,,,,,,,,,,,,,,,,,,,,,,,,807,15,0,0.0,0.0,,Neutral
could potentially,0.0,,,,,,,,,,,,,,,,,,,,,,,,,,,,,,,,,367,11,0,0.0,0.0,,Neutral
country,0.0,,,,,,,,,,,,,,,,,,,,,,,,,,,,,,,,,209,751,0,0.0,0.0,,Neutral
court,0.0,,,,,,,,,,,,,,,,,,,,,,,,,,,,,,,,,43,526,1,1.0,0.0,,Neutral
court decision,0.0,,,,,,,,,,,,,,,,,,,,,,,,,,,,,,,,,380,12,0,0.0,0.0,,Neutral
courts,0.0,,,,,,,,,,,,,,,,,,,,,,,,,,,,,,,,,426,200,0,0.0,0.0,,Neutral
created,0.0,,,,,,,,,,,,,,,,,,,,,,,,,,,,,,,,,388,224,0,0.0,0.0,,Neutral
created by,0.0,,,,,,,,,,,,,,,,,,,,,,,,,,,,,,,,,851,47,0,0.0,0.0,,Neutral
creating,0.0,,,,,,,,,,,,,,,,,,,,,,,,,,,,,,,,,319,87,0,0.0,0.0,,Neutral
creating the,0.0,,,,,,,,,,,,,,,,,,,,,,,,,,,,,,,,,777,14,0,0.0,0.0,,Neutral
crimes,0.0,,,,,,,,,,,,,,,,,,,,,,,,,,,,,,,,,431,130,0,0.0,0.0,,Neutral
criminal,0.0,,,,,,,,,,,,,,,,,,,,,,,,,,,,,,,,,154,132,0,0.0,0.0,,Neutral
criminal cases,0.0,,,,,,,,,,,,,,,,,,,,,,,,,,,,,,,,,435,8,0,0.0,0.0,,Neutral
crisis,0.0,,,,,,,,,,,,,,,,,,,,,,,,,,,,,,,,,469,231,0,0.0,0.0,,Neutral
crosses,0.0,,,,,,,,,,,,,,,,,,,,,,,,,,,,,,,,,299,15,0,0.0,0.0,,Neutral
cultural,0.0,,,,,,,,,,,,,,,,,,,,,,,,,,,,,,,,,86,475,1,1.0,0.0,,Neutral
culture,0.0,,,,,,,,,,,,,,,,,,,,,,,,,,,,,,,,,87,527,1,1.0,0.0,,Neutral
day,0.0,,,,,,,,,,,,,,,,,,,,,,,,,,,,,,,,,399,601,0,0.0,0.0,,Neutral
deaths,0.0,,,,,,,,,,,,,,,,,,,,,,,,,,,,,,,,,68,138,1,1.0,0.0,,Neutral
decision,0.0,,,,,,,,,,,,,,,,,,,,,,,,,,,,,,,,,233,496,0,0.0,0.0,,Neutral
decision by,0.0,,,,,,,,,,,,,,,,,,,,,,,,,,,,,,,,,916,13,0,0.0,0.0,,Neutral
declared,0.0,,,,,,,,,,,,,,,,,,,,,,,,,,,,,,,,,353,79,0,0.0,0.0,,Neutral
declared a,0.0,,,,,,,,,,,,,,,,,,,,,,,,,,,,,,,,,715,18,0,0.0,0.0,,Neutral
defendants,0.0,,,,,,,,,,,,,,,,,,,,,,,,,,,,,,,,,275,19,0,0.0,0.0,,Neutral
definition,0.0,,,,,,,,,,,,,,,,,,,,,,,,,,,,,,,,,266,55,0,0.0,0.0,,Neutral
describe,0.0,,,,,,,,,,,,,,,,,,,,,,,,,,,,,,,,,279,46,0,0.0,0.0,,Neutral
desert,0.0,,,,,,,,,,,,,,,,,,,,,,,,,,,,,,,,,226,60,0,0.0,0.0,,Neutral
did not,0.0,,,,,,,,,,,,,,,,,,,,,,,,,,,,,,,,,942,390,0,0.0,0.0,,Neutral
didnt,0.0,,,,,,,,,,,,,,,,,,,,,,,,,,,,,,,,,237,388,0,0.0,0.0,,Neutral
dissolved,0.0,,,,,,,,,,,,,,,,,,,,,,,,,,,,,,,,,368,12,0,0.0,0.0,,Neutral
document,0.0,,,,,,,,,,,,,,,,,,,,,,,,,,,,,,,,,288,63,0,0.0,0.0,,Neutral
does a,0.0,,,,,,,,,,,,,,,,,,,,,,,,,,,,,,,,,974,6,0,0.0,0.0,,Neutral
dont,0.0,,,,,,,,,,,,,,,,,,,,,,,,,,,,,,,,,199,724,0,0.0,0.0,,Neutral
draw,0.0,,,,,,,,,,,,,,,,,,,,,,,,,,,,,,,,,272,44,0,0.0,0.0,,Neutral
drive,0.0,,,,,,,,,,,,,,,,,,,,,,,,,,,,,,,,,50,85,1,1.0,0.0,,Neutral
drive to,0.0,,,,,,,,,,,,,,,,,,,,,,,,,,,,,,,,,598,13,0,0.0,0.0,,Neutral
drug,0.0,,,,,,,,,,,,,,,,,,,,,,,,,,,,,,,,,486,66,0,0.0,0.0,,Neutral
early,0.0,,,,,,,,,,,,,,,,,,,,,,,,,,,,,,,,,169,314,0,0.0,0.0,,Neutral
eastern,0.0,,,,,,,,,,,,,,,,,,,,,,,,,,,,,,,,,283,115,0,0.0,0.0,,Neutral
economic,0.0,,,,,,,,,,,,,,,,,,,,,,,,,,,,,,,,,492,248,0,0.0,0.0,,Neutral
effort,0.0,,,,,,,,,,,,,,,,,,,,,,,,,,,,,,,,,156,177,0,0.0,0.0,,Neutral
effort to,0.0,,,,,,,,,,,,,,,,,,,,,,,,,,,,,,,,,580,97,0,0.0,0.0,,Neutral
eighth,0.0,,,,,,,,,,,,,,,,,,,,,,,,,,,,,,,,,385,14,0,0.0,0.0,,Neutral
election,0.0,,,,,,,,,,,,,,,,,,,,,,,,,,,,,,,,,62,223,1,1.0,0.0,,Neutral
eligible,0.0,,,,,,,,,,,,,,,,,,,,,,,,,,,,,,,,,403,83,0,0.0,0.0,,Neutral
elk,0.0,,,,,,,,,,,,,,,,,,,,,,,,,,,,,,,,,438,42,0,0.0,0.0,,Neutral
employees,0.0,,,,,,,,,,,,,,,,,,,,,,,,,,,,,,,,,534,78,0,0.0,0.0,,Neutral
end,0.0,,,,,,,,,,,,,,,,,,,,,,,,,,,,,,,,,529,313,0,0.0,0.0,,Neutral
energy,0.0,,,,,,,,,,,,,,,,,,,,,,,,,,,,,,,,,71,174,1,1.0,0.0,,Neutral
enforced,0.0,,,,,,,,,,,,,,,,,,,,,,,,,,,,,,,,,357,12,0,0.0,0.0,,Neutral
environmental,0.0,,,,,,,,,,,,,,,,,,,,,,,,,,,,,,,,,90,378,1,1.0,0.0,,Neutral
environmental groups,0.0,,,,,,,,,,,,,,,,,,,,,,,,,,,,,,,,,276,24,0,0.0,0.0,,Neutral
even,0.0,,,,,,,,,,,,,,,,,,,,,,,,,,,,,,,,,208,769,0,0.0,0.0,,Neutral
evidence,0.0,,,,,,,,,,,,,,,,,,,,,,,,,,,,,,,,,512,165,0,0.0,0.0,,Neutral
executive,0.0,,,,,,,,,,,,,,,,,,,,,,,,,,,,,,,,,410,198,0,0.0,0.0,,Neutral
executive order,0.0,,,,,,,,,,,,,,,,,,,,,,,,,,,,,,,,,491,46,0,0.0,0.0,,Neutral
exist,0.0,,,,,,,,,,,,,,,,,,,,,,,,,,,,,,,,,320,84,0,0.0,0.0,,Neutral
exist in,0.0,,,,,,,,,,,,,,,,,,,,,,,,,,,,,,,,,872,15,0,0.0,0.0,,Neutral
expansion,0.0,,,,,,,,,,,,,,,,,,,,,,,,,,,,,,,,,273,67,0,0.0,0.0,,Neutral
expected,0.0,,,,,,,,,,,,,,,,,,,,,,,,,,,,,,,,,323,89,0,0.0,0.0,,Neutral
face,0.0,,,,,,,,,,,,,,,,,,,,,,,,,,,,,,,,,519,276,0,0.0,0.0,,Neutral
facing,0.0,,,,,,,,,,,,,,,,,,,,,,,,,,,,,,,,,384,87,0,0.0,0.0,,Neutral
fact,0.0,,,,,,,,,,,,,,,,,,,,,,,,,,,,,,,,,390,238,0,0.0,0.0,,Neutral
failed,0.0,,,,,,,,,,,,,,,,,,,,,,,,,,,,,,,,,412,110,0,0.0,0.0,,Neutral
families,0.0,,,,,,,,,,,,,,,,,,,,,,,,,,,,,,,,,205,335,0,0.0,0.0,,Neutral
family,0.0,,,,,,,,,,,,,,,,,,,,,,,,,,,,,,,,,75,636,1,1.0,0.0,,Neutral
far,0.0,,,,,,,,,,,,,,,,,,,,,,,,,,,,,,,,,461,417,0,0.0,0.0,,Neutral
federal,0.0,,,,,,,,,,,,,,,,,,,,,,,,,,,,,,,,,121,1560,1,0.0,0.0,,Neutral
federal Indian,0.0,,,,,,,,,,,,,,,,,,,,,,,,,,,,,,,,,217,36,0,0.0,0.0,,Neutral
federal Indian Health,0.0,,,,,,,,,,,,,,,,,,,,,,,,,,,,,,,,,345,10,0,0.0,0.0,,Neutral
federal agencies,0.0,,,,,,,,,,,,,,,,,,,,,,,,,,,,,,,,,91,33,1,1.0,0.0,,Neutral
federal court,0.0,,,,,,,,,,,,,,,,,,,,,,,,,,,,,,,,,286,78,0,0.0,0.0,,Neutral
fellow,0.0,,,,,,,,,,,,,,,,,,,,,,,,,,,,,,,,,339,68,0,0.0,0.0,,Neutral
financial,0.0,,,,,,,,,,,,,,,,,,,,,,,,,,,,,,,,,354,99,0,0.0,0.0,,Neutral
finds,0.0,,,,,,,,,,,,,,,,,,,,,,,,,,,,,,,,,234,24,0,0.0,0.0,,Neutral
fire,0.0,,,,,,,,,,,,,,,,,,,,,,,,,,,,,,,,,187,213,0,0.0,0.0,,Neutral
first,0.0,,,,,,,,,,,,,,,,,,,,,,,,,,,,,,,,,239,994,0,0.0,0.0,,Neutral
flag,0.0,,,,,,,,,,,,,,,,,,,,,,,,,,,,,,,,,381,45,0,0.0,0.0,,Neutral
for Disease Control,0.0,,,,,,,,,,,,,,,,,,,,,,,,,,,,,,,,,658,23,0,0.0,0.0,,Neutral
for Indian,0.0,,,,,,,,,,,,,,,,,,,,,,,,,,,,,,,,,662,68,0,0.0,0.0,,Neutral
for Oklahoma,0.0,,,,,,,,,,,,,,,,,,,,,,,,,,,,,,,,,951,7,0,0.0,0.0,,Neutral
for a,0.0,,,,,,,,,,,,,,,,,,,,,,,,,,,,,,,,,917,503,0,0.0,0.0,,Neutral
for all,0.0,,,,,,,,,,,,,,,,,,,,,,,,,,,,,,,,,870,116,0,0.0,0.0,,Neutral
for all Native,0.0,,,,,,,,,,,,,,,,,,,,,,,,,,,,,,,,,971,6,0,0.0,0.0,,Neutral
for self,0.0,,,,,,,,,,,,,,,,,,,,,,,,,,,,,,,,,896,9,0,0.0,0.0,,Neutral
for the,0.0,,,,,,,,,,,,,,,,,,,,,,,,,,,,,,,,,604,1763,0,0.0,0.0,,Neutral
for their,0.0,,,,,,,,,,,,,,,,,,,,,,,,,,,,,,,,,929,167,0,0.0,0.0,,Neutral
forcibly,0.0,,,,,,,,,,,,,,,,,,,,,,,,,,,,,,,,,312,35,0,0.0,0.0,,Neutral
foreigners,0.0,,,,,,,,,,,,,,,,,,,,,,,,,,,,,,,,,452,14,0,0.0,0.0,,Neutral
forest,0.0,,,,,,,,,,,,,,,,,,,,,,,,,,,,,,,,,61,231,1,1.0,0.0,,Neutral
fossil,0.0,,,,,,,,,,,,,,,,,,,,,,,,,,,,,,,,,92,97,1,1.0,0.0,,Neutral
fossil fuel,0.0,,,,,,,,,,,,,,,,,,,,,,,,,,,,,,,,,479,63,0,0.0,0.0,,Neutral
found,0.0,,,,,,,,,,,,,,,,,,,,,,,,,,,,,,,,,497,470,0,0.0,0.0,,Neutral
from Oklahoma,0.0,,,,,,,,,,,,,,,,,,,,,,,,,,,,,,,,,924,11,0,0.0,0.0,,Neutral
from an,0.0,,,,,,,,,,,,,,,,,,,,,,,,,,,,,,,,,736,36,0,0.0,0.0,,Neutral
from the,0.0,,,,,,,,,,,,,,,,,,,,,,,,,,,,,,,,,606,1264,0,0.0,0.0,,Neutral
funding,0.0,,,,,,,,,,,,,,,,,,,,,,,,,,,,,,,,,256,327,0,0.0,0.0,,Neutral
gain,0.0,,,,,,,,,,,,,,,,,,,,,,,,,,,,,,,,,341,38,0,0.0,0.0,,Neutral
game,0.0,,,,,,,,,,,,,,,,,,,,,,,,,,,,,,,,,444,95,0,0.0,0.0,,Neutral
gave,0.0,,,,,,,,,,,,,,,,,,,,,,,,,,,,,,,,,413,155,0,0.0,0.0,,Neutral
gear,0.0,,,,,,,,,,,,,,,,,,,,,,,,,,,,,,,,,280,19,0,0.0,0.0,,Neutral
get,0.0,,,,,,,,,,,,,,,,,,,,,,,,,,,,,,,,,197,779,0,0.0,0.0,,Neutral
going to,0.0,,,,,,,,,,,,,,,,,,,,,,,,,,,,,,,,,605,489,0,0.0,0.0,,Neutral
gold,157.0,22.0,3.0,0.0,1.0,0.0,0.0,0.0,4.0,1.0,14.0,3.0,0.0,8.0,20.0,1.0,1.0,0.0,20.0,0.0,6.0,14.0,0.0,4.0,3.0,7.0,0.0,9.0,0.0,9.0,2.0,5.0,0.0,1,157,1,1.0,1.0,-68.0,Left
good,0.0,,,,,,,,,,,,,,,,,,,,,,,,,,,,,,,,,523,318,0,0.0,0.0,,Neutral
government,0.0,,,,,,,,,,,,,,,,,,,,,,,,,,,,,,,,,115,1319,1,0.0,0.0,,Neutral
governments,0.0,,,,,,,,,,,,,,,,,,,,,,,,,,,,,,,,,120,409,1,0.0,0.0,,Neutral
governor,0.0,,,,,,,,,,,,,,,,,,,,,,,,,,,,,,,,,522,179,0,0.0,0.0,,Neutral
great,0.0,,,,,,,,,,,,,,,,,,,,,,,,,,,,,,,,,171,344,0,0.0,0.0,,Neutral
greater,0.0,,,,,,,,,,,,,,,,,,,,,,,,,,,,,,,,,407,100,0,0.0,0.0,,Neutral
grizzly,0.0,,,,,,,,,,,,,,,,,,,,,,,,,,,,,,,,,420,57,0,0.0,0.0,,Neutral
group,0.0,,,,,,,,,,,,,,,,,,,,,,,,,,,,,,,,,66,570,1,1.0,0.0,,Neutral
group of,0.0,,,,,,,,,,,,,,,,,,,,,,,,,,,,,,,,,587,151,0,0.0,0.0,,Neutral
groups,0.0,,,,,,,,,,,,,,,,,,,,,,,,,,,,,,,,,128,440,1,0.0,0.0,,Neutral
groups are,0.0,,,,,,,,,,,,,,,,,,,,,,,,,,,,,,,,,805,27,0,0.0,0.0,,Neutral
had to,0.0,,,,,,,,,,,,,,,,,,,,,,,,,,,,,,,,,808,171,0,0.0,0.0,,Neutral
half,0.0,,,,,,,,,,,,,,,,,,,,,,,,,,,,,,,,,138,268,0,0.0,0.0,,Neutral
half the,0.0,,,,,,,,,,,,,,,,,,,,,,,,,,,,,,,,,577,26,0,0.0,0.0,,Neutral
handled,0.0,,,,,,,,,,,,,,,,,,,,,,,,,,,,,,,,,282,21,0,0.0,0.0,,Neutral
happening now,0.0,,,,,,,,,,,,,,,,,,,,,,,,,,,,,,,,,963,20,0,0.0,0.0,,Neutral
has been,0.0,,,,,,,,,,,,,,,,,,,,,,,,,,,,,,,,,875,715,0,0.0,0.0,,Neutral
has found,0.0,,,,,,,,,,,,,,,,,,,,,,,,,,,,,,,,,758,15,0,0.0,0.0,,Neutral
have been,0.0,,,,,,,,,,,,,,,,,,,,,,,,,,,,,,,,,997,728,0,0.0,0.0,,Neutral
he says,0.0,,,,,,,,,,,,,,,,,,,,,,,,,,,,,,,,,926,162,0,0.0,0.0,,Neutral
health,0.0,,,,,,,,,,,,,,,,,,,,,,,,,,,,,,,,,161,802,0,0.0,0.0,,Neutral
health care,0.0,,,,,,,,,,,,,,,,,,,,,,,,,,,,,,,,,418,242,0,0.0,0.0,,Neutral
help,0.0,,,,,,,,,,,,,,,,,,,,,,,,,,,,,,,,,184,546,0,0.0,0.0,,Neutral
her race,0.0,,,,,,,,,,,,,,,,,,,,,,,,,,,,,,,,,912,9,0,0.0,0.0,,Neutral
her story,0.0,,,,,,,,,,,,,,,,,,,,,,,,,,,,,,,,,705,17,0,0.0,0.0,,Neutral
heritage,305.0,0.0,5.0,2.0,1.0,7.0,0.0,1.0,8.0,8.0,50.0,10.0,6.0,6.0,1.0,3.0,7.0,1.0,12.0,6.0,5.0,12.0,41.0,5.0,3.0,3.0,14.0,3.0,8.0,21.0,13.0,43.0,0.0,2,305,1,1.0,1.0,-78.0,Left
herself as,0.0,,,,,,,,,,,,,,,,,,,,,,,,,,,,,,,,,744,34,0,0.0,0.0,,Neutral
herself as Native,0.0,,,,,,,,,,,,,,,,,,,,,,,,,,,,,,,,,821,12,0,0.0,0.0,,Neutral
high,0.0,,,,,,,,,,,,,,,,,,,,,,,,,,,,,,,,,468,385,0,0.0,0.0,,Neutral
highlights,0.0,,,,,,,,,,,,,,,,,,,,,,,,,,,,,,,,,338,25,0,0.0,0.0,,Neutral
historical,0.0,,,,,,,,,,,,,,,,,,,,,,,,,,,,,,,,,93,196,1,1.0,0.0,,Neutral
history,0.0,,,,,,,,,,,,,,,,,,,,,,,,,,,,,,,,,94,906,1,1.0,0.0,,Neutral
history of,0.0,,,,,,,,,,,,,,,,,,,,,,,,,,,,,,,,,887,230,0,0.0,0.0,,Neutral
holes,0.0,,,,,,,,,,,,,,,,,,,,,,,,,,,,,,,,,263,19,0,0.0,0.0,,Neutral
home,0.0,,,,,,,,,,,,,,,,,,,,,,,,,,,,,,,,,194,650,0,0.0,0.0,,Neutral
hospital,0.0,,,,,,,,,,,,,,,,,,,,,,,,,,,,,,,,,198,111,0,0.0,0.0,,Neutral
how many,0.0,,,,,,,,,,,,,,,,,,,,,,,,,,,,,,,,,668,38,0,0.0,0.0,,Neutral
human,0.0,,,,,,,,,,,,,,,,,,,,,,,,,,,,,,,,,370,258,0,0.0,0.0,,Neutral
hundreds of,0.0,,,,,,,,,,,,,,,,,,,,,,,,,,,,,,,,,945,190,0,0.0,0.0,,Neutral
hunting,122.0,6.0,0.0,0.0,2.0,1.0,1.0,1.0,1.0,2.0,8.0,6.0,23.0,11.0,1.0,5.0,1.0,2.0,12.0,3.0,4.0,4.0,4.0,5.0,4.0,1.0,2.0,1.0,3.0,0.0,3.0,5.0,0.0,3,122,1,1.0,1.0,-9.0,Left
identity,0.0,,,,,,,,,,,,,,,,,,,,,,,,,,,,,,,,,232,232,0,0.0,0.0,,Neutral
illegal,0.0,,,,,,,,,,,,,,,,,,,,,,,,,,,,,,,,,95,167,1,1.0,0.0,,Neutral
illegal gold,0.0,,,,,,,,,,,,,,,,,,,,,,,,,,,,,,,,,530,21,0,0.0,0.0,,Neutral
images,0.0,,,,,,,,,,,,,,,,,,,,,,,,,,,,,,,,,335,102,0,0.0,0.0,,Neutral
implications,0.0,,,,,,,,,,,,,,,,,,,,,,,,,,,,,,,,,304,36,0,0.0,0.0,,Neutral
implications for,0.0,,,,,,,,,,,,,,,,,,,,,,,,,,,,,,,,,892,8,0,0.0,0.0,,Neutral
in a,0.0,,,,,,,,,,,,,,,,,,,,,,,,,,,,,,,,,610,1276,0,0.0,0.0,,Neutral
in any,0.0,,,,,,,,,,,,,,,,,,,,,,,,,,,,,,,,,669,44,0,0.0,0.0,,Neutral
in federal,0.0,,,,,,,,,,,,,,,,,,,,,,,,,,,,,,,,,761,83,0,0.0,0.0,,Neutral
in federal court,0.0,,,,,,,,,,,,,,,,,,,,,,,,,,,,,,,,,681,47,0,0.0,0.0,,Neutral
in her,0.0,,,,,,,,,,,,,,,,,,,,,,,,,,,,,,,,,829,143,0,0.0,0.0,,Neutral
in other,0.0,,,,,,,,,,,,,,,,,,,,,,,,,,,,,,,,,708,50,0,0.0,0.0,,Neutral
in other words,0.0,,,,,,,,,,,,,,,,,,,,,,,,,,,,,,,,,901,8,0,0.0,0.0,,Neutral
in the,0.0,,,,,,,,,,,,,,,,,,,,,,,,,,,,,,,,,572,4689,0,0.0,0.0,,Neutral
in the Ninth,0.0,,,,,,,,,,,,,,,,,,,,,,,,,,,,,,,,,728,23,0,0.0,0.0,,Neutral
in the United,0.0,,,,,,,,,,,,,,,,,,,,,,,,,,,,,,,,,822,252,0,0.0,0.0,,Neutral
in this,0.0,,,,,,,,,,,,,,,,,,,,,,,,,,,,,,,,,890,270,0,0.0,0.0,,Neutral
includes,0.0,,,,,,,,,,,,,,,,,,,,,,,,,,,,,,,,,434,148,0,0.0,0.0,,Neutral
includes a,0.0,,,,,,,,,,,,,,,,,,,,,,,,,,,,,,,,,824,35,0,0.0,0.0,,Neutral
increasingly,0.0,,,,,,,,,,,,,,,,,,,,,,,,,,,,,,,,,147,34,0,0.0,0.0,,Neutral
indigenous,0.0,,,,,,,,,,,,,,,,,,,,,,,,,,,,,,,,,134,1016,1,0.0,0.0,,Neutral
indigenous people,0.0,,,,,,,,,,,,,,,,,,,,,,,,,,,,,,,,,543,199,0,0.0,0.0,,Neutral
indigenous peoples,0.0,,,,,,,,,,,,,,,,,,,,,,,,,,,,,,,,,136,125,1,0.0,0.0,,Neutral
infections,0.0,,,,,,,,,,,,,,,,,,,,,,,,,,,,,,,,,235,38,0,0.0,0.0,,Neutral
into question,0.0,,,,,,,,,,,,,,,,,,,,,,,,,,,,,,,,,856,12,0,0.0,0.0,,Neutral
investigation,0.0,,,,,,,,,,,,,,,,,,,,,,,,,,,,,,,,,259,82,0,0.0,0.0,,Neutral
is a,0.0,,,,,,,,,,,,,,,,,,,,,,,,,,,,,,,,,654,890,0,0.0,0.0,,Neutral
is already,0.0,,,,,,,,,,,,,,,,,,,,,,,,,,,,,,,,,704,36,0,0.0,0.0,,Neutral
is available,0.0,,,,,,,,,,,,,,,,,,,,,,,,,,,,,,,,,734,26,0,0.0,0.0,,Neutral
is expected,0.0,,,,,,,,,,,,,,,,,,,,,,,,,,,,,,,,,660,33,0,0.0,0.0,,Neutral
is for,0.0,,,,,,,,,,,,,,,,,,,,,,,,,,,,,,,,,748,23,0,0.0,0.0,,Neutral
is not,0.0,,,,,,,,,,,,,,,,,,,,,,,,,,,,,,,,,625,399,0,0.0,0.0,,Neutral
is now,0.0,,,,,,,,,,,,,,,,,,,,,,,,,,,,,,,,,779,167,0,0.0,0.0,,Neutral
is protected,0.0,,,,,,,,,,,,,,,,,,,,,,,,,,,,,,,,,628,59,0,0.0,0.0,,Neutral
is the,0.0,,,,,,,,,,,,,,,,,,,,,,,,,,,,,,,,,642,575,0,0.0,0.0,,Neutral
is to,0.0,,,,,,,,,,,,,,,,,,,,,,,,,,,,,,,,,938,158,0,0.0,0.0,,Neutral
is to be,0.0,,,,,,,,,,,,,,,,,,,,,,,,,,,,,,,,,768,21,0,0.0,0.0,,Neutral
island,0.0,,,,,,,,,,,,,,,,,,,,,,,,,,,,,,,,,64,254,1,1.0,0.0,,Neutral
isolated,0.0,,,,,,,,,,,,,,,,,,,,,,,,,,,,,,,,,369,159,0,0.0,0.0,,Neutral
issue,0.0,,,,,,,,,,,,,,,,,,,,,,,,,,,,,,,,,429,298,0,0.0,0.0,,Neutral
it is,0.0,,,,,,,,,,,,,,,,,,,,,,,,,,,,,,,,,773,417,0,0.0,0.0,,Neutral
it when,0.0,,,,,,,,,,,,,,,,,,,,,,,,,,,,,,,,,863,13,0,0.0,0.0,,Neutral
its territory,0.0,,,,,,,,,,,,,,,,,,,,,,,,,,,,,,,,,991,6,0,0.0,0.0,,Neutral
its way,0.0,,,,,,,,,,,,,,,,,,,,,,,,,,,,,,,,,714,20,0,0.0,0.0,,Neutral
jewelry,0.0,,,,,,,,,,,,,,,,,,,,,,,,,,,,,,,,,193,48,0,0.0,0.0,,Neutral
judge,0.0,,,,,,,,,,,,,,,,,,,,,,,,,,,,,,,,,70,140,1,1.0,0.0,,Neutral
jurisdiction,0.0,,,,,,,,,,,,,,,,,,,,,,,,,,,,,,,,,414,159,0,0.0,0.0,,Neutral
just one,0.0,,,,,,,,,,,,,,,,,,,,,,,,,,,,,,,,,649,27,0,0.0,0.0,,Neutral
just one of,0.0,,,,,,,,,,,,,,,,,,,,,,,,,,,,,,,,,833,10,0,0.0,0.0,,Neutral
justices,0.0,,,,,,,,,,,,,,,,,,,,,,,,,,,,,,,,,487,76,0,0.0,0.0,,Neutral
killed,0.0,,,,,,,,,,,,,,,,,,,,,,,,,,,,,,,,,114,252,1,1.0,0.0,,Neutral
killed a,0.0,,,,,,,,,,,,,,,,,,,,,,,,,,,,,,,,,970,6,0,0.0,0.0,,Neutral
know,0.0,,,,,,,,,,,,,,,,,,,,,,,,,,,,,,,,,174,682,0,0.0,0.0,,Neutral
label,0.0,,,,,,,,,,,,,,,,,,,,,,,,,,,,,,,,,365,13,0,0.0,0.0,,Neutral
land,0.0,,,,,,,,,,,,,,,,,,,,,,,,,,,,,,,,,44,1987,1,1.0,0.0,,Neutral
landmark,0.0,,,,,,,,,,,,,,,,,,,,,,,,,,,,,,,,,258,33,0,0.0,0.0,,Neutral
lands,0.0,,,,,,,,,,,,,,,,,,,,,,,,,,,,,,,,,122,786,1,0.0,0.0,,Neutral
language,0.0,,,,,,,,,,,,,,,,,,,,,,,,,,,,,,,,,268,309,0,0.0,0.0,,Neutral
languages,0.0,,,,,,,,,,,,,,,,,,,,,,,,,,,,,,,,,255,89,0,0.0,0.0,,Neutral
large,0.0,,,,,,,,,,,,,,,,,,,,,,,,,,,,,,,,,346,220,0,0.0,0.0,,Neutral
last,0.0,,,,,,,,,,,,,,,,,,,,,,,,,,,,,,,,,375,706,0,0.0,0.0,,Neutral
latest,0.0,,,,,,,,,,,,,,,,,,,,,,,,,,,,,,,,,342,97,0,0.0,0.0,,Neutral
launched,0.0,,,,,,,,,,,,,,,,,,,,,,,,,,,,,,,,,143,47,0,0.0,0.0,,Neutral
launched a,0.0,,,,,,,,,,,,,,,,,,,,,,,,,,,,,,,,,592,21,0,0.0,0.0,,Neutral
law,0.0,,,,,,,,,,,,,,,,,,,,,,,,,,,,,,,,,172,827,0,0.0,0.0,,Neutral
law enforcement,0.0,,,,,,,,,,,,,,,,,,,,,,,,,,,,,,,,,98,134,1,1.0,0.0,,Neutral
lawyer,0.0,,,,,,,,,,,,,,,,,,,,,,,,,,,,,,,,,221,83,0,0.0,0.0,,Neutral
lawyers,0.0,,,,,,,,,,,,,,,,,,,,,,,,,,,,,,,,,148,48,0,0.0,0.0,,Neutral
lawyers for,0.0,,,,,,,,,,,,,,,,,,,,,,,,,,,,,,,,,908,9,0,0.0,0.0,,Neutral
lead,0.0,,,,,,,,,,,,,,,,,,,,,,,,,,,,,,,,,458,153,0,0.0,0.0,,Neutral
lead to,0.0,,,,,,,,,,,,,,,,,,,,,,,,,,,,,,,,,721,51,0,0.0,0.0,,Neutral
leaders,0.0,,,,,,,,,,,,,,,,,,,,,,,,,,,,,,,,,116,620,1,0.0,0.0,,Neutral
led,0.0,,,,,,,,,,,,,,,,,,,,,,,,,,,,,,,,,168,310,0,0.0,0.0,,Neutral
led the,0.0,,,,,,,,,,,,,,,,,,,,,,,,,,,,,,,,,568,42,0,0.0,0.0,,Neutral
left,0.0,,,,,,,,,,,,,,,,,,,,,,,,,,,,,,,,,464,372,0,0.0,0.0,,Neutral
legal,0.0,,,,,,,,,,,,,,,,,,,,,,,,,,,,,,,,,391,380,0,0.0,0.0,,Neutral
letter,0.0,,,,,,,,,,,,,,,,,,,,,,,,,,,,,,,,,454,211,0,0.0,0.0,,Neutral
lie,0.0,,,,,,,,,,,,,,,,,,,,,,,,,,,,,,,,,495,40,0,0.0,0.0,,Neutral
life,0.0,,,,,,,,,,,,,,,,,,,,,,,,,,,,,,,,,230,548,0,0.0,0.0,,Neutral
likely,0.0,,,,,,,,,,,,,,,,,,,,,,,,,,,,,,,,,498,237,0,0.0,0.0,,Neutral
living,0.0,,,,,,,,,,,,,,,,,,,,,,,,,,,,,,,,,489,383,0,0.0,0.0,,Neutral
lobbying,0.0,,,,,,,,,,,,,,,,,,,,,,,,,,,,,,,,,451,54,0,0.0,0.0,,Neutral
local,0.0,,,,,,,,,,,,,,,,,,,,,,,,,,,,,,,,,401,478,0,0.0,0.0,,Neutral
local law enforcement,0.0,,,,,,,,,,,,,,,,,,,,,,,,,,,,,,,,,395,14,0,0.0,0.0,,Neutral
lodge,0.0,,,,,,,,,,,,,,,,,,,,,,,,,,,,,,,,,463,49,0,0.0,0.0,,Neutral
logo,93.0,0.0,0.0,3.0,3.0,9.0,0.0,1.0,9.0,0.0,1.0,0.0,3.0,0.0,0.0,0.0,0.0,3.0,3.0,1.0,0.0,0.0,11.0,0.0,0.0,2.0,6.0,0.0,19.0,3.0,2.0,14.0,0.0,7,93,1,1.0,1.0,6.0,Right
long,0.0,,,,,,,,,,,,,,,,,,,,,,,,,,,,,,,,,473,746,0,0.0,0.0,,Neutral
made with,0.0,,,,,,,,,,,,,,,,,,,,,,,,,,,,,,,,,679,16,0,0.0,0.0,,Neutral
mail,0.0,,,,,,,,,,,,,,,,,,,,,,,,,,,,,,,,,140,129,0,0.0,0.0,,Neutral
mail in,0.0,,,,,,,,,,,,,,,,,,,,,,,,,,,,,,,,,982,33,0,0.0,0.0,,Neutral
major,0.0,,,,,,,,,,,,,,,,,,,,,,,,,,,,,,,,,425,194,0,0.0,0.0,,Neutral
make,0.0,,,,,,,,,,,,,,,,,,,,,,,,,,,,,,,,,411,756,0,0.0,0.0,,Neutral
man,0.0,,,,,,,,,,,,,,,,,,,,,,,,,,,,,,,,,387,315,0,0.0,0.0,,Neutral
many more,0.0,,,,,,,,,,,,,,,,,,,,,,,,,,,,,,,,,682,16,0,0.0,0.0,,Neutral
mascot,0.0,,,,,,,,,,,,,,,,,,,,,,,,,,,,,,,,,398,91,0,0.0,0.0,,Neutral
mascots,137.0,0.0,0.0,9.0,2.0,6.0,0.0,1.0,22.0,0.0,7.0,0.0,3.0,3.0,0.0,0.0,0.0,2.0,2.0,4.0,1.0,0.0,9.0,0.0,2.0,7.0,2.0,3.0,1.0,8.0,2.0,39.0,2.0,8,137,1,1.0,1.0,-64.0,Left
massacre,70.0,0.0,1.0,1.0,3.0,0.0,0.0,8.0,2.0,5.0,1.0,2.0,0.0,8.0,0.0,1.0,1.0,2.0,10.0,0.0,3.0,0.0,2.0,0.0,4.0,2.0,0.0,0.0,0.0,0.0,1.0,13.0,0.0,32,70,1,1.0,1.0,-34.0,Left
mean,0.0,,,,,,,,,,,,,,,,,,,,,,,,,,,,,,,,,460,207,0,0.0,0.0,,Neutral
meaning,0.0,,,,,,,,,,,,,,,,,,,,,,,,,,,,,,,,,450,84,0,0.0,0.0,,Neutral
meaning of,0.0,,,,,,,,,,,,,,,,,,,,,,,,,,,,,,,,,914,13,0,0.0,0.0,,Neutral
meeting,0.0,,,,,,,,,,,,,,,,,,,,,,,,,,,,,,,,,242,149,0,0.0,0.0,,Neutral
members,0.0,,,,,,,,,,,,,,,,,,,,,,,,,,,,,,,,,69,802,1,1.0,0.0,,Neutral
men,0.0,,,,,,,,,,,,,,,,,,,,,,,,,,,,,,,,,244,301,0,0.0,0.0,,Neutral
might,0.0,,,,,,,,,,,,,,,,,,,,,,,,,,,,,,,,,248,274,0,0.0,0.0,,Neutral
miles,0.0,,,,,,,,,,,,,,,,,,,,,,,,,,,,,,,,,421,277,0,0.0,0.0,,Neutral
miles from,0.0,,,,,,,,,,,,,,,,,,,,,,,,,,,,,,,,,645,33,0,0.0,0.0,,Neutral
miles from the,0.0,,,,,,,,,,,,,,,,,,,,,,,,,,,,,,,,,717,18,0,0.0,0.0,,Neutral
million,0.0,,,,,,,,,,,,,,,,,,,,,,,,,,,,,,,,,185,535,0,0.0,0.0,,Neutral
mine,0.0,,,,,,,,,,,,,,,,,,,,,,,,,,,,,,,,,314,103,0,0.0,0.0,,Neutral
miners,0.0,,,,,,,,,,,,,,,,,,,,,,,,,,,,,,,,,355,101,0,0.0,0.0,,Neutral
mines,0.0,,,,,,,,,,,,,,,,,,,,,,,,,,,,,,,,,321,51,0,0.0,0.0,,Neutral
mining,181.0,6.0,0.0,1.0,0.0,0.0,0.0,0.0,3.0,12.0,7.0,22.0,0.0,0.0,31.0,0.0,0.0,0.0,18.0,1.0,2.0,44.0,6.0,5.0,1.0,1.0,0.0,9.0,0.0,4.0,3.0,5.0,0.0,9,181,1,1.0,1.0,-119.0,Left
missing,0.0,,,,,,,,,,,,,,,,,,,,,,,,,,,,,,,,,162,236,0,0.0,0.0,,Neutral
missing and murdered,0.0,,,,,,,,,,,,,,,,,,,,,,,,,,,,,,,,,921,70,0,0.0,0.0,,Neutral
moment,0.0,,,,,,,,,,,,,,,,,,,,,,,,,,,,,,,,,146,142,0,0.0,0.0,,Neutral
money,0.0,,,,,,,,,,,,,,,,,,,,,,,,,,,,,,,,,139,440,0,0.0,0.0,,Neutral
monument,291.0,12.0,9.0,0.0,0.0,10.0,0.0,1.0,6.0,12.0,1.0,7.0,5.0,14.0,3.0,0.0,0.0,12.0,23.0,23.0,0.0,45.0,13.0,12.0,0.0,0.0,1.0,18.0,0.0,31.0,3.0,30.0,0.0,10,291,1,1.0,1.0,-139.0,Left
monuments,0.0,,,,,,,,,,,,,,,,,,,,,,,,,,,,,,,,,127,188,1,0.0,0.0,,Neutral
more than,0.0,,,,,,,,,,,,,,,,,,,,,,,,,,,,,,,,,703,723,0,0.0,0.0,,Neutral
more than a,0.0,,,,,,,,,,,,,,,,,,,,,,,,,,,,,,,,,762,101,0,0.0,0.0,,Neutral
most of,0.0,,,,,,,,,,,,,,,,,,,,,,,,,,,,,,,,,586,142,0,0.0,0.0,,Neutral
most of Tulsa,0.0,,,,,,,,,,,,,,,,,,,,,,,,,,,,,,,,,881,8,0,0.0,0.0,,Neutral
most of the,0.0,,,,,,,,,,,,,,,,,,,,,,,,,,,,,,,,,792,68,0,0.0,0.0,,Neutral
much,0.0,,,,,,,,,,,,,,,,,,,,,,,,,,,,,,,,,241,607,0,0.0,0.0,,Neutral
murder,0.0,,,,,,,,,,,,,,,,,,,,,,,,,,,,,,,,,329,76,0,0.0,0.0,,Neutral
murder of,0.0,,,,,,,,,,,,,,,,,,,,,,,,,,,,,,,,,831,12,0,0.0,0.0,,Neutral
murdered,0.0,,,,,,,,,,,,,,,,,,,,,,,,,,,,,,,,,113,149,1,1.0,0.0,,Neutral
must,0.0,,,,,,,,,,,,,,,,,,,,,,,,,,,,,,,,,409,344,0,0.0,0.0,,Neutral
name,0.0,,,,,,,,,,,,,,,,,,,,,,,,,,,,,,,,,150,621,0,0.0,0.0,,Neutral
name that,0.0,,,,,,,,,,,,,,,,,,,,,,,,,,,,,,,,,812,12,0,0.0,0.0,,Neutral
national,0.0,,,,,,,,,,,,,,,,,,,,,,,,,,,,,,,,,290,441,0,0.0,0.0,,Neutral
nations,0.0,,,,,,,,,,,,,,,,,,,,,,,,,,,,,,,,,77,547,1,1.0,0.0,,Neutral
native,0.0,,,,,,,,,,,,,,,,,,,,,,,,,,,,,,,,,135,538,1,0.0,0.0,,Neutral
near,0.0,,,,,,,,,,,,,,,,,,,,,,,,,,,,,,,,,325,277,0,0.0,0.0,,Neutral
nearly,0.0,,,,,,,,,,,,,,,,,,,,,,,,,,,,,,,,,447,223,0,0.0,0.0,,Neutral
nearly half,0.0,,,,,,,,,,,,,,,,,,,,,,,,,,,,,,,,,377,18,0,0.0,0.0,,Neutral
need,0.0,,,,,,,,,,,,,,,,,,,,,,,,,,,,,,,,,436,520,0,0.0,0.0,,Neutral
never,0.0,,,,,,,,,,,,,,,,,,,,,,,,,,,,,,,,,501,533,0,0.0,0.0,,Neutral
new coronavirus,0.0,,,,,,,,,,,,,,,,,,,,,,,,,,,,,,,,,879,9,0,0.0,0.0,,Neutral
nickname,0.0,,,,,,,,,,,,,,,,,,,,,,,,,,,,,,,,,142,76,0,0.0,0.0,,Neutral
nomination,0.0,,,,,,,,,,,,,,,,,,,,,,,,,,,,,,,,,351,27,0,0.0,0.0,,Neutral
not a,0.0,,,,,,,,,,,,,,,,,,,,,,,,,,,,,,,,,862,155,0,0.0,0.0,,Neutral
not exist,0.0,,,,,,,,,,,,,,,,,,,,,,,,,,,,,,,,,903,15,0,0.0,0.0,,Neutral
not exist in,0.0,,,,,,,,,,,,,,,,,,,,,,,,,,,,,,,,,998,7,0,0.0,0.0,,Neutral
now in,0.0,,,,,,,,,,,,,,,,,,,,,,,,,,,,,,,,,641,33,0,0.0,0.0,,Neutral
occupation,72.0,22.0,0.0,3.0,0.0,0.0,0.0,0.0,1.0,5.0,1.0,2.0,0.0,4.0,0.0,0.0,1.0,0.0,2.0,0.0,3.0,3.0,0.0,4.0,0.0,17.0,0.0,1.0,0.0,1.0,0.0,2.0,0.0,30,72,1,1.0,1.0,-35.0,Left
of Americas,0.0,,,,,,,,,,,,,,,,,,,,,,,,,,,,,,,,,778,30,0,0.0,0.0,,Neutral
of Indian,0.0,,,,,,,,,,,,,,,,,,,,,,,,,,,,,,,,,635,298,0,0.0,0.0,,Neutral
of Indigenous,0.0,,,,,,,,,,,,,,,,,,,,,,,,,,,,,,,,,871,134,0,0.0,0.0,,Neutral
of Justice,0.0,,,,,,,,,,,,,,,,,,,,,,,,,,,,,,,,,720,43,0,0.0,0.0,,Neutral
of Native,0.0,,,,,,,,,,,,,,,,,,,,,,,,,,,,,,,,,622,603,0,0.0,0.0,,Neutral
of Native American,0.0,,,,,,,,,,,,,,,,,,,,,,,,,,,,,,,,,650,213,0,0.0,0.0,,Neutral
of Oklahoma,0.0,,,,,,,,,,,,,,,,,,,,,,,,,,,,,,,,,584,144,0,0.0,0.0,,Neutral
of Tulsa,0.0,,,,,,,,,,,,,,,,,,,,,,,,,,,,,,,,,701,30,0,0.0,0.0,,Neutral
of United States,0.0,,,,,,,,,,,,,,,,,,,,,,,,,,,,,,,,,700,39,0,0.0,0.0,,Neutral
of a,0.0,,,,,,,,,,,,,,,,,,,,,,,,,,,,,,,,,673,992,0,0.0,0.0,,Neutral
of a reservation,0.0,,,,,,,,,,,,,,,,,,,,,,,,,,,,,,,,,965,7,0,0.0,0.0,,Neutral
of about,0.0,,,,,,,,,,,,,,,,,,,,,,,,,,,,,,,,,723,33,0,0.0,0.0,,Neutral
of an,0.0,,,,,,,,,,,,,,,,,,,,,,,,,,,,,,,,,932,185,0,0.0,0.0,,Neutral
of criminal,0.0,,,,,,,,,,,,,,,,,,,,,,,,,,,,,,,,,956,7,0,0.0,0.0,,Neutral
of great,0.0,,,,,,,,,,,,,,,,,,,,,,,,,,,,,,,,,600,15,0,0.0,0.0,,Neutral
of infections,0.0,,,,,,,,,,,,,,,,,,,,,,,,,,,,,,,,,943,8,0,0.0,0.0,,Neutral
of our,0.0,,,,,,,,,,,,,,,,,,,,,,,,,,,,,,,,,873,408,0,0.0,0.0,,Neutral
of several,0.0,,,,,,,,,,,,,,,,,,,,,,,,,,,,,,,,,695,24,0,0.0,0.0,,Neutral
of the Muscogee,0.0,,,,,,,,,,,,,,,,,,,,,,,,,,,,,,,,,725,25,0,0.0,0.0,,Neutral
of the Ojibwe,0.0,,,,,,,,,,,,,,,,,,,,,,,,,,,,,,,,,972,7,0,0.0,0.0,,Neutral
of the past,0.0,,,,,,,,,,,,,,,,,,,,,,,,,,,,,,,,,742,21,0,0.0,0.0,,Neutral
of the state,0.0,,,,,,,,,,,,,,,,,,,,,,,,,,,,,,,,,764,56,0,0.0,0.0,,Neutral
of their,0.0,,,,,,,,,,,,,,,,,,,,,,,,,,,,,,,,,918,418,0,0.0,0.0,,Neutral
of this,0.0,,,,,,,,,,,,,,,,,,,,,,,,,,,,,,,,,656,342,0,0.0,0.0,,Neutral
officials,0.0,,,,,,,,,,,,,,,,,,,,,,,,,,,,,,,,,177,374,0,0.0,0.0,,Neutral
officials and,0.0,,,,,,,,,,,,,,,,,,,,,,,,,,,,,,,,,696,22,0,0.0,0.0,,Neutral
often,0.0,,,,,,,,,,,,,,,,,,,,,,,,,,,,,,,,,250,428,0,0.0,0.0,,Neutral
oil,369.0,9.0,6.0,3.0,0.0,2.0,15.0,0.0,1.0,44.0,7.0,7.0,14.0,13.0,0.0,0.0,0.0,1.0,41.0,13.0,24.0,33.0,47.0,28.0,10.0,4.0,0.0,17.0,1.0,4.0,2.0,22.0,1.0,12,369,1,1.0,1.0,-194.0,Left
oil pipeline,30.0,2.0,0.0,1.0,0.0,0.0,0.0,0.0,0.0,2.0,3.0,0.0,3.0,1.0,0.0,0.0,0.0,1.0,1.0,0.0,0.0,0.0,10.0,0.0,0.0,2.0,0.0,3.0,0.0,0.0,0.0,0.0,1.0,24,30,1,1.0,1.0,-3.0,Left
old,0.0,,,,,,,,,,,,,,,,,,,,,,,,,,,,,,,,,292,475,0,0.0,0.0,,Neutral
on Monday,0.0,,,,,,,,,,,,,,,,,,,,,,,,,,,,,,,,,716,64,0,0.0,0.0,,Neutral
on Thursday,0.0,,,,,,,,,,,,,,,,,,,,,,,,,,,,,,,,,737,46,0,0.0,0.0,,Neutral
on Twitter,0.0,,,,,,,,,,,,,,,,,,,,,,,,,,,,,,,,,639,108,0,0.0,0.0,,Neutral
on a,0.0,,,,,,,,,,,,,,,,,,,,,,,,,,,,,,,,,953,380,0,0.0,0.0,,Neutral
on its,0.0,,,,,,,,,,,,,,,,,,,,,,,,,,,,,,,,,765,75,0,0.0,0.0,,Neutral
on the,0.0,,,,,,,,,,,,,,,,,,,,,,,,,,,,,,,,,619,2164,0,0.0,0.0,,Neutral
on the White,0.0,,,,,,,,,,,,,,,,,,,,,,,,,,,,,,,,,964,6,0,0.0,0.0,,Neutral
on the reservation,0.0,,,,,,,,,,,,,,,,,,,,,,,,,,,,,,,,,979,183,0,0.0,0.0,,Neutral
one,0.0,,,,,,,,,,,,,,,,,,,,,,,,,,,,,,,,,212,1828,0,0.0,0.0,,Neutral
one of several,0.0,,,,,,,,,,,,,,,,,,,,,,,,,,,,,,,,,853,11,0,0.0,0.0,,Neutral
one that,0.0,,,,,,,,,,,,,,,,,,,,,,,,,,,,,,,,,771,39,0,0.0,0.0,,Neutral
opened,0.0,,,,,,,,,,,,,,,,,,,,,,,,,,,,,,,,,269,74,0,0.0,0.0,,Neutral
opportunities,0.0,,,,,,,,,,,,,,,,,,,,,,,,,,,,,,,,,318,72,0,0.0,0.0,,Neutral
opportunities of our,0.0,,,,,,,,,,,,,,,,,,,,,,,,,,,,,,,,,790,16,0,0.0,0.0,,Neutral
oppose,0.0,,,,,,,,,,,,,,,,,,,,,,,,,,,,,,,,,300,52,0,0.0,0.0,,Neutral
oppose the,0.0,,,,,,,,,,,,,,,,,,,,,,,,,,,,,,,,,657,29,0,0.0,0.0,,Neutral
or so,0.0,,,,,,,,,,,,,,,,,,,,,,,,,,,,,,,,,729,25,0,0.0,0.0,,Neutral
order,0.0,,,,,,,,,,,,,,,,,,,,,,,,,,,,,,,,,264,281,0,0.0,0.0,,Neutral
original,0.0,,,,,,,,,,,,,,,,,,,,,,,,,,,,,,,,,245,176,0,0.0,0.0,,Neutral
other than,0.0,,,,,,,,,,,,,,,,,,,,,,,,,,,,,,,,,785,14,0,0.0,0.0,,Neutral
other words,0.0,,,,,,,,,,,,,,,,,,,,,,,,,,,,,,,,,772,16,0,0.0,0.0,,Neutral
others,0.0,,,,,,,,,,,,,,,,,,,,,,,,,,,,,,,,,449,324,0,0.0,0.0,,Neutral
outrage,0.0,,,,,,,,,,,,,,,,,,,,,,,,,,,,,,,,,155,28,0,0.0,0.0,,Neutral
outsiders,0.0,,,,,,,,,,,,,,,,,,,,,,,,,,,,,,,,,322,88,0,0.0,0.0,,Neutral
pandemic,0.0,,,,,,,,,,,,,,,,,,,,,,,,,,,,,,,,,189,365,0,0.0,0.0,,Neutral
pandemics,0.0,,,,,,,,,,,,,,,,,,,,,,,,,,,,,,,,,416,11,0,0.0,0.0,,Neutral
papers,0.0,,,,,,,,,,,,,,,,,,,,,,,,,,,,,,,,,478,17,0,0.0,0.0,,Neutral
paragraph,0.0,,,,,,,,,,,,,,,,,,,,,,,,,,,,,,,,,493,6,0,0.0,0.0,,Neutral
park,0.0,,,,,,,,,,,,,,,,,,,,,,,,,,,,,,,,,74,134,1,1.0,0.0,,Neutral
part of,0.0,,,,,,,,,,,,,,,,,,,,,,,,,,,,,,,,,623,576,0,0.0,0.0,,Neutral
part of a,0.0,,,,,,,,,,,,,,,,,,,,,,,,,,,,,,,,,794,73,0,0.0,0.0,,Neutral
part of the,0.0,,,,,,,,,,,,,,,,,,,,,,,,,,,,,,,,,948,256,0,0.0,0.0,,Neutral
particular,0.0,,,,,,,,,,,,,,,,,,,,,,,,,,,,,,,,,324,103,0,0.0,0.0,,Neutral
past,0.0,,,,,,,,,,,,,,,,,,,,,,,,,,,,,,,,,249,417,0,0.0,0.0,,Neutral
patients,0.0,,,,,,,,,,,,,,,,,,,,,,,,,,,,,,,,,270,80,0,0.0,0.0,,Neutral
peoples,0.0,,,,,,,,,,,,,,,,,,,,,,,,,,,,,,,,,46,532,1,1.0,0.0,,Neutral
percent of,0.0,,,,,,,,,,,,,,,,,,,,,,,,,,,,,,,,,936,220,0,0.0,0.0,,Neutral
person,0.0,,,,,,,,,,,,,,,,,,,,,,,,,,,,,,,,,485,320,0,0.0,0.0,,Neutral
photo,0.0,,,,,,,,,,,,,,,,,,,,,,,,,,,,,,,,,216,96,0,0.0,0.0,,Neutral
pipeline,431.0,2.0,0.0,1.0,0.0,11.0,47.0,0.0,2.0,83.0,8.0,6.0,8.0,18.0,0.0,1.0,0.0,5.0,46.0,9.0,21.0,26.0,56.0,16.0,9.0,3.0,1.0,24.0,0.0,8.0,1.0,17.0,2.0,13,431,1,1.0,1.0,-249.0,Left
pipeline that,0.0,,,,,,,,,,,,,,,,,,,,,,,,,,,,,,,,,874,9,0,0.0,0.0,,Neutral
pipelines,0.0,,,,,,,,,,,,,,,,,,,,,,,,,,,,,,,,,130,60,1,0.0,0.0,,Neutral
planning,0.0,,,,,,,,,,,,,,,,,,,,,,,,,,,,,,,,,260,57,0,0.0,0.0,,Neutral
plans,0.0,,,,,,,,,,,,,,,,,,,,,,,,,,,,,,,,,471,272,0,0.0,0.0,,Neutral
police,0.0,,,,,,,,,,,,,,,,,,,,,,,,,,,,,,,,,229,272,0,0.0,0.0,,Neutral
police in,0.0,,,,,,,,,,,,,,,,,,,,,,,,,,,,,,,,,955,6,0,0.0,0.0,,Neutral
policy,0.0,,,,,,,,,,,,,,,,,,,,,,,,,,,,,,,,,382,262,0,0.0,0.0,,Neutral
political,0.0,,,,,,,,,,,,,,,,,,,,,,,,,,,,,,,,,251,363,0,0.0,0.0,,Neutral
potentially,0.0,,,,,,,,,,,,,,,,,,,,,,,,,,,,,,,,,141,60,0,0.0,0.0,,Neutral
power,0.0,,,,,,,,,,,,,,,,,,,,,,,,,,,,,,,,,470,304,0,0.0,0.0,,Neutral
precise,0.0,,,,,,,,,,,,,,,,,,,,,,,,,,,,,,,,,175,10,0,0.0,0.0,,Neutral
present,0.0,,,,,,,,,,,,,,,,,,,,,,,,,,,,,,,,,344,158,0,0.0,0.0,,Neutral
president,0.0,,,,,,,,,,,,,,,,,,,,,,,,,,,,,,,,,423,436,0,0.0,0.0,,Neutral
presidential,0.0,,,,,,,,,,,,,,,,,,,,,,,,,,,,,,,,,309,135,0,0.0,0.0,,Neutral
presidential nomination,0.0,,,,,,,,,,,,,,,,,,,,,,,,,,,,,,,,,531,5,0,0.0,0.0,,Neutral
pride,0.0,,,,,,,,,,,,,,,,,,,,,,,,,,,,,,,,,39,60,1,1.0,0.0,,Neutral
project,0.0,,,,,,,,,,,,,,,,,,,,,,,,,,,,,,,,,188,269,0,0.0,0.0,,Neutral
protect them,0.0,,,,,,,,,,,,,,,,,,,,,,,,,,,,,,,,,931,8,0,0.0,0.0,,Neutral
protected by,0.0,,,,,,,,,,,,,,,,,,,,,,,,,,,,,,,,,687,70,0,0.0,0.0,,Neutral
protest,0.0,,,,,,,,,,,,,,,,,,,,,,,,,,,,,,,,,289,136,0,0.0,0.0,,Neutral
protesters,0.0,,,,,,,,,,,,,,,,,,,,,,,,,,,,,,,,,80,69,1,1.0,0.0,,Neutral
provide,0.0,,,,,,,,,,,,,,,,,,,,,,,,,,,,,,,,,448,227,0,0.0,0.0,,Neutral
provide a,0.0,,,,,,,,,,,,,,,,,,,,,,,,,,,,,,,,,693,31,0,0.0,0.0,,Neutral
public,0.0,,,,,,,,,,,,,,,,,,,,,,,,,,,,,,,,,303,547,0,0.0,0.0,,Neutral
purposes,0.0,,,,,,,,,,,,,,,,,,,,,,,,,,,,,,,,,311,66,0,0.0,0.0,,Neutral
put into,0.0,,,,,,,,,,,,,,,,,,,,,,,,,,,,,,,,,818,16,0,0.0,0.0,,Neutral
question,0.0,,,,,,,,,,,,,,,,,,,,,,,,,,,,,,,,,366,188,0,0.0,0.0,,Neutral
race,0.0,,,,,,,,,,,,,,,,,,,,,,,,,,,,,,,,,379,240,0,0.0,0.0,,Neutral
race as,0.0,,,,,,,,,,,,,,,,,,,,,,,,,,,,,,,,,907,8,0,0.0,0.0,,Neutral
racist,0.0,,,,,,,,,,,,,,,,,,,,,,,,,,,,,,,,,488,203,0,0.0,0.0,,Neutral
rather,0.0,,,,,,,,,,,,,,,,,,,,,,,,,,,,,,,,,393,142,0,0.0,0.0,,Neutral
rather than,0.0,,,,,,,,,,,,,,,,,,,,,,,,,,,,,,,,,826,95,0,0.0,0.0,,Neutral
reach,0.0,,,,,,,,,,,,,,,,,,,,,,,,,,,,,,,,,406,116,0,0.0,0.0,,Neutral
readers,0.0,,,,,,,,,,,,,,,,,,,,,,,,,,,,,,,,,500,29,0,0.0,0.0,,Neutral
ready,0.0,,,,,,,,,,,,,,,,,,,,,,,,,,,,,,,,,261,46,0,0.0,0.0,,Neutral
really,0.0,,,,,,,,,,,,,,,,,,,,,,,,,,,,,,,,,159,494,0,0.0,0.0,,Neutral
reason,0.0,,,,,,,,,,,,,,,,,,,,,,,,,,,,,,,,,330,119,0,0.0,0.0,,Neutral
recognition,0.0,,,,,,,,,,,,,,,,,,,,,,,,,,,,,,,,,72,152,1,1.0,0.0,,Neutral
recognition of,0.0,,,,,,,,,,,,,,,,,,,,,,,,,,,,,,,,,665,29,0,0.0,0.0,,Neutral
record,0.0,,,,,,,,,,,,,,,,,,,,,,,,,,,,,,,,,480,150,0,0.0,0.0,,Neutral
referring to,0.0,,,,,,,,,,,,,,,,,,,,,,,,,,,,,,,,,718,43,0,0.0,0.0,,Neutral
referring to the,0.0,,,,,,,,,,,,,,,,,,,,,,,,,,,,,,,,,817,12,0,0.0,0.0,,Neutral
regulate,0.0,,,,,,,,,,,,,,,,,,,,,,,,,,,,,,,,,535,23,0,0.0,0.0,,Neutral
regulation,0.0,,,,,,,,,,,,,,,,,,,,,,,,,,,,,,,,,328,20,0,0.0,0.0,,Neutral
regulators,0.0,,,,,,,,,,,,,,,,,,,,,,,,,,,,,,,,,305,14,0,0.0,0.0,,Neutral
relief,0.0,,,,,,,,,,,,,,,,,,,,,,,,,,,,,,,,,253,126,0,0.0,0.0,,Neutral
relocated,0.0,,,,,,,,,,,,,,,,,,,,,,,,,,,,,,,,,271,25,0,0.0,0.0,,Neutral
relocated to,0.0,,,,,,,,,,,,,,,,,,,,,,,,,,,,,,,,,775,12,0,0.0,0.0,,Neutral
remained,0.0,,,,,,,,,,,,,,,,,,,,,,,,,,,,,,,,,308,63,0,0.0,0.0,,Neutral
remaining,0.0,,,,,,,,,,,,,,,,,,,,,,,,,,,,,,,,,332,43,0,0.0,0.0,,Neutral
remaining in,0.0,,,,,,,,,,,,,,,,,,,,,,,,,,,,,,,,,981,6,0,0.0,0.0,,Neutral
remains,0.0,,,,,,,,,,,,,,,,,,,,,,,,,,,,,,,,,215,208,0,0.0,0.0,,Neutral
remains an,0.0,,,,,,,,,,,,,,,,,,,,,,,,,,,,,,,,,832,16,0,0.0,0.0,,Neutral
remains an Indian,0.0,,,,,,,,,,,,,,,,,,,,,,,,,,,,,,,,,897,11,0,0.0,0.0,,Neutral
remote,0.0,,,,,,,,,,,,,,,,,,,,,,,,,,,,,,,,,334,146,0,0.0,0.0,,Neutral
replacement,0.0,,,,,,,,,,,,,,,,,,,,,,,,,,,,,,,,,442,8,0,0.0,0.0,,Neutral
report,0.0,,,,,,,,,,,,,,,,,,,,,,,,,,,,,,,,,210,293,0,0.0,0.0,,Neutral
reporting on,0.0,,,,,,,,,,,,,,,,,,,,,,,,,,,,,,,,,939,25,0,0.0,0.0,,Neutral
request,0.0,,,,,,,,,,,,,,,,,,,,,,,,,,,,,,,,,511,120,0,0.0,0.0,,Neutral
reservation,0.0,,,,,,,,,,,,,,,,,,,,,,,,,,,,,,,,,106,1162,1,1.0,0.0,,Neutral
reservation and,0.0,,,,,,,,,,,,,,,,,,,,,,,,,,,,,,,,,575,65,0,0.0,0.0,,Neutral
reservation for,0.0,,,,,,,,,,,,,,,,,,,,,,,,,,,,,,,,,799,29,0,0.0,0.0,,Neutral
reservation for the,0.0,,,,,,,,,,,,,,,,,,,,,,,,,,,,,,,,,894,11,0,0.0,0.0,,Neutral
reservation was,0.0,,,,,,,,,,,,,,,,,,,,,,,,,,,,,,,,,780,21,0,0.0,0.0,,Neutral
reservations,0.0,,,,,,,,,,,,,,,,,,,,,,,,,,,,,,,,,548,529,0,0.0,0.0,,Neutral
residential,0.0,,,,,,,,,,,,,,,,,,,,,,,,,,,,,,,,,247,74,0,0.0,0.0,,Neutral
residents,0.0,,,,,,,,,,,,,,,,,,,,,,,,,,,,,,,,,376,267,0,0.0,0.0,,Neutral
resistance,0.0,,,,,,,,,,,,,,,,,,,,,,,,,,,,,,,,,246,113,0,0.0,0.0,,Neutral
returned,0.0,,,,,,,,,,,,,,,,,,,,,,,,,,,,,,,,,373,146,0,0.0,0.0,,Neutral
returned to,0.0,,,,,,,,,,,,,,,,,,,,,,,,,,,,,,,,,689,76,0,0.0,0.0,,Neutral
returned to the,0.0,,,,,,,,,,,,,,,,,,,,,,,,,,,,,,,,,690,29,0,0.0,0.0,,Neutral
revelation,0.0,,,,,,,,,,,,,,,,,,,,,,,,,,,,,,,,,446,9,0,0.0,0.0,,Neutral
right,0.0,,,,,,,,,,,,,,,,,,,,,,,,,,,,,,,,,219,736,0,0.0,0.0,,Neutral
rights,0.0,,,,,,,,,,,,,,,,,,,,,,,,,,,,,,,,,54,784,1,1.0,0.0,,Neutral
rights that,0.0,,,,,,,,,,,,,,,,,,,,,,,,,,,,,,,,,787,14,0,0.0,0.0,,Neutral
river,0.0,,,,,,,,,,,,,,,,,,,,,,,,,,,,,,,,,73,175,1,1.0,0.0,,Neutral
route,0.0,,,,,,,,,,,,,,,,,,,,,,,,,,,,,,,,,291,44,0,0.0,0.0,,Neutral
ruled,0.0,,,,,,,,,,,,,,,,,,,,,,,,,,,,,,,,,433,123,0,0.0,0.0,,Neutral
ruled that,0.0,,,,,,,,,,,,,,,,,,,,,,,,,,,,,,,,,735,39,0,0.0,0.0,,Neutral
ruling,0.0,,,,,,,,,,,,,,,,,,,,,,,,,,,,,,,,,157,226,0,0.0,0.0,,Neutral
sacred,357.0,23.0,9.0,3.0,0.0,5.0,0.0,2.0,10.0,35.0,23.0,27.0,12.0,22.0,2.0,1.0,0.0,4.0,25.0,3.0,6.0,19.0,21.0,9.0,9.0,2.0,2.0,17.0,0.0,15.0,25.0,26.0,0.0,14,357,1,1.0,1.0,-163.0,Left
salmon,0.0,,,,,,,,,,,,,,,,,,,,,,,,,,,,,,,,,527,84,0,0.0,0.0,,Neutral
satellite,0.0,,,,,,,,,,,,,,,,,,,,,,,,,,,,,,,,,536,31,0,0.0,0.0,,Neutral
school,0.0,,,,,,,,,,,,,,,,,,,,,,,,,,,,,,,,,53,397,1,1.0,0.0,,Neutral
school to,0.0,,,,,,,,,,,,,,,,,,,,,,,,,,,,,,,,,602,12,0,0.0,0.0,,Neutral
schools,0.0,,,,,,,,,,,,,,,,,,,,,,,,,,,,,,,,,117,291,1,0.0,0.0,,Neutral
see,0.0,,,,,,,,,,,,,,,,,,,,,,,,,,,,,,,,,509,532,0,0.0,0.0,,Neutral
seeds,0.0,,,,,,,,,,,,,,,,,,,,,,,,,,,,,,,,,63,85,1,1.0,0.0,,Neutral
seen,0.0,,,,,,,,,,,,,,,,,,,,,,,,,,,,,,,,,517,254,0,0.0,0.0,,Neutral
self,0.0,,,,,,,,,,,,,,,,,,,,,,,,,,,,,,,,,457,234,0,0.0,0.0,,Neutral
sent,0.0,,,,,,,,,,,,,,,,,,,,,,,,,,,,,,,,,190,201,0,0.0,0.0,,Neutral
series,0.0,,,,,,,,,,,,,,,,,,,,,,,,,,,,,,,,,507,121,0,0.0,0.0,,Neutral
services,0.0,,,,,,,,,,,,,,,,,,,,,,,,,,,,,,,,,496,170,0,0.0,0.0,,Neutral
set of,0.0,,,,,,,,,,,,,,,,,,,,,,,,,,,,,,,,,791,40,0,0.0,0.0,,Neutral
settler,0.0,,,,,,,,,,,,,,,,,,,,,,,,,,,,,,,,,508,68,0,0.0,0.0,,Neutral
settlers,222.0,11.0,2.0,3.0,4.0,4.0,0.0,0.0,15.0,2.0,22.0,7.0,1.0,10.0,13.0,1.0,12.0,1.0,11.0,0.0,7.0,8.0,4.0,6.0,3.0,23.0,5.0,5.0,0.0,6.0,5.0,31.0,0.0,15,222,1,1.0,1.0,-92.0,Left
several,0.0,,,,,,,,,,,,,,,,,,,,,,,,,,,,,,,,,520,324,0,0.0,0.0,,Neutral
she is,0.0,,,,,,,,,,,,,,,,,,,,,,,,,,,,,,,,,713,74,0,0.0,0.0,,Neutral
shortages,0.0,,,,,,,,,,,,,,,,,,,,,,,,,,,,,,,,,306,16,0,0.0,0.0,,Neutral
show,0.0,,,,,,,,,,,,,,,,,,,,,,,,,,,,,,,,,207,233,0,0.0,0.0,,Neutral
shows,0.0,,,,,,,,,,,,,,,,,,,,,,,,,,,,,,,,,445,156,0,0.0,0.0,,Neutral
shutdown,0.0,,,,,,,,,,,,,,,,,,,,,,,,,,,,,,,,,214,71,0,0.0,0.0,,Neutral
sign,0.0,,,,,,,,,,,,,,,,,,,,,,,,,,,,,,,,,284,124,0,0.0,0.0,,Neutral
sign of,0.0,,,,,,,,,,,,,,,,,,,,,,,,,,,,,,,,,776,19,0,0.0,0.0,,Neutral
similar,0.0,,,,,,,,,,,,,,,,,,,,,,,,,,,,,,,,,484,173,0,0.0,0.0,,Neutral
site is,0.0,,,,,,,,,,,,,,,,,,,,,,,,,,,,,,,,,633,61,0,0.0,0.0,,Neutral
sites,0.0,,,,,,,,,,,,,,,,,,,,,,,,,,,,,,,,,67,302,1,1.0,0.0,,Neutral
small,0.0,,,,,,,,,,,,,,,,,,,,,,,,,,,,,,,,,419,259,0,0.0,0.0,,Neutral
solar,0.0,,,,,,,,,,,,,,,,,,,,,,,,,,,,,,,,,202,83,0,0.0,0.0,,Neutral
source of,0.0,,,,,,,,,,,,,,,,,,,,,,,,,,,,,,,,,571,55,0,0.0,0.0,,Neutral
sovereignty,303.0,8.0,12.0,3.0,0.0,4.0,1.0,2.0,3.0,26.0,29.0,7.0,5.0,13.0,1.0,9.0,4.0,7.0,16.0,3.0,7.0,21.0,14.0,13.0,4.0,9.0,7.0,17.0,2.0,15.0,19.0,22.0,0.0,26,303,1,1.0,1.0,-118.0,Left
spirit,0.0,,,,,,,,,,,,,,,,,,,,,,,,,,,,,,,,,109,95,1,1.0,0.0,,Neutral
sports,0.0,,,,,,,,,,,,,,,,,,,,,,,,,,,,,,,,,506,143,0,0.0,0.0,,Neutral
stakes,0.0,,,,,,,,,,,,,,,,,,,,,,,,,,,,,,,,,295,24,0,0.0,0.0,,Neutral
stand,0.0,,,,,,,,,,,,,,,,,,,,,,,,,,,,,,,,,360,139,0,0.0,0.0,,Neutral
starting,0.0,,,,,,,,,,,,,,,,,,,,,,,,,,,,,,,,,274,65,0,0.0,0.0,,Neutral
starting to,0.0,,,,,,,,,,,,,,,,,,,,,,,,,,,,,,,,,804,18,0,0.0,0.0,,Neutral
state,0.0,,,,,,,,,,,,,,,,,,,,,,,,,,,,,,,,,40,1554,1,1.0,0.0,,Neutral
state courts,0.0,,,,,,,,,,,,,,,,,,,,,,,,,,,,,,,,,301,22,0,0.0,0.0,,Neutral
state of,0.0,,,,,,,,,,,,,,,,,,,,,,,,,,,,,,,,,900,189,0,0.0,0.0,,Neutral
state of Oklahoma,0.0,,,,,,,,,,,,,,,,,,,,,,,,,,,,,,,,,738,38,0,0.0,0.0,,Neutral
state officials,0.0,,,,,,,,,,,,,,,,,,,,,,,,,,,,,,,,,337,21,0,0.0,0.0,,Neutral
statement,0.0,,,,,,,,,,,,,,,,,,,,,,,,,,,,,,,,,195,432,0,0.0,0.0,,Neutral
states,0.0,,,,,,,,,,,,,,,,,,,,,,,,,,,,,,,,,124,608,1,0.0,0.0,,Neutral
statue,0.0,,,,,,,,,,,,,,,,,,,,,,,,,,,,,,,,,262,107,0,0.0,0.0,,Neutral
statues,107.0,0.0,2.0,1.0,0.0,35.0,0.0,0.0,0.0,0.0,1.0,3.0,0.0,0.0,0.0,0.0,7.0,0.0,3.0,1.0,1.0,1.0,1.0,8.0,0.0,0.0,0.0,0.0,1.0,31.0,0.0,11.0,0.0,16,107,1,1.0,1.0,23.0,Right
step,0.0,,,,,,,,,,,,,,,,,,,,,,,,,,,,,,,,,363,133,0,0.0,0.0,,Neutral
still,0.0,,,,,,,,,,,,,,,,,,,,,,,,,,,,,,,,,224,727,0,0.0,0.0,,Neutral
stone,0.0,,,,,,,,,,,,,,,,,,,,,,,,,,,,,,,,,455,51,0,0.0,0.0,,Neutral
stop,0.0,,,,,,,,,,,,,,,,,,,,,,,,,,,,,,,,,422,247,0,0.0,0.0,,Neutral
stories that,0.0,,,,,,,,,,,,,,,,,,,,,,,,,,,,,,,,,611,72,0,0.0,0.0,,Neutral
street,0.0,,,,,,,,,,,,,,,,,,,,,,,,,,,,,,,,,533,84,0,0.0,0.0,,Neutral
students,0.0,,,,,,,,,,,,,,,,,,,,,,,,,,,,,,,,,51,234,1,1.0,0.0,,Neutral
such as,0.0,,,,,,,,,,,,,,,,,,,,,,,,,,,,,,,,,864,285,0,0.0,0.0,,Neutral
such as the,0.0,,,,,,,,,,,,,,,,,,,,,,,,,,,,,,,,,691,59,0,0.0,0.0,,Neutral
suicide,0.0,,,,,,,,,,,,,,,,,,,,,,,,,,,,,,,,,82,61,1,1.0,0.0,,Neutral
supposed to,0.0,,,,,,,,,,,,,,,,,,,,,,,,,,,,,,,,,849,77,0,0.0,0.0,,Neutral
swath of,0.0,,,,,,,,,,,,,,,,,,,,,,,,,,,,,,,,,585,23,0,0.0,0.0,,Neutral
taken,0.0,,,,,,,,,,,,,,,,,,,,,,,,,,,,,,,,,331,282,0,0.0,0.0,,Neutral
target,0.0,,,,,,,,,,,,,,,,,,,,,,,,,,,,,,,,,56,33,1,1.0,0.0,,Neutral
taxes,0.0,,,,,,,,,,,,,,,,,,,,,,,,,,,,,,,,,315,49,0,0.0,0.0,,Neutral
taxes and,0.0,,,,,,,,,,,,,,,,,,,,,,,,,,,,,,,,,825,12,0,0.0,0.0,,Neutral
team,0.0,,,,,,,,,,,,,,,,,,,,,,,,,,,,,,,,,166,457,0,0.0,0.0,,Neutral
teams,0.0,,,,,,,,,,,,,,,,,,,,,,,,,,,,,,,,,52,195,1,1.0,0.0,,Neutral
term,0.0,,,,,,,,,,,,,,,,,,,,,,,,,,,,,,,,,462,168,0,0.0,0.0,,Neutral
term for,0.0,,,,,,,,,,,,,,,,,,,,,,,,,,,,,,,,,895,11,0,0.0,0.0,,Neutral
territory,282.0,33.0,2.0,0.0,7.0,3.0,0.0,1.0,12.0,17.0,14.0,16.0,4.0,11.0,0.0,5.0,7.0,3.0,45.0,5.0,20.0,5.0,5.0,8.0,2.0,11.0,5.0,9.0,1.0,7.0,6.0,17.0,1.0,17,282,1,1.0,1.0,-144.0,Left
tests,0.0,,,,,,,,,,,,,,,,,,,,,,,,,,,,,,,,,191,88,0,0.0,0.0,,Neutral
than a,0.0,,,,,,,,,,,,,,,,,,,,,,,,,,,,,,,,,923,158,0,0.0,0.0,,Neutral
than to,0.0,,,,,,,,,,,,,,,,,,,,,,,,,,,,,,,,,751,14,0,0.0,0.0,,Neutral
that Congress,0.0,,,,,,,,,,,,,,,,,,,,,,,,,,,,,,,,,727,51,0,0.0,0.0,,Neutral
that a,0.0,,,,,,,,,,,,,,,,,,,,,,,,,,,,,,,,,910,178,0,0.0,0.0,,Neutral
that are,0.0,,,,,,,,,,,,,,,,,,,,,,,,,,,,,,,,,937,178,0,0.0,0.0,,Neutral
that can,0.0,,,,,,,,,,,,,,,,,,,,,,,,,,,,,,,,,820,86,0,0.0,0.0,,Neutral
that includes,0.0,,,,,,,,,,,,,,,,,,,,,,,,,,,,,,,,,793,20,0,0.0,0.0,,Neutral
that she,0.0,,,,,,,,,,,,,,,,,,,,,,,,,,,,,,,,,647,189,0,0.0,0.0,,Neutral
that the,0.0,,,,,,,,,,,,,,,,,,,,,,,,,,,,,,,,,597,1309,0,0.0,0.0,,Neutral
that was,0.0,,,,,,,,,,,,,,,,,,,,,,,,,,,,,,,,,882,223,0,0.0,0.0,,Neutral
the Amazon,0.0,,,,,,,,,,,,,,,,,,,,,,,,,,,,,,,,,675,159,0,0.0,0.0,,Neutral
the Black Hills,0.0,,,,,,,,,,,,,,,,,,,,,,,,,,,,,,,,,35,136,1,1.0,0.0,,Neutral
the Centers for,0.0,,,,,,,,,,,,,,,,,,,,,,,,,,,,,,,,,672,18,0,0.0,0.0,,Neutral
the Cherokee,0.0,,,,,,,,,,,,,,,,,,,,,,,,,,,,,,,,,626,255,0,0.0,0.0,,Neutral
the Cherokee Nation,0.0,,,,,,,,,,,,,,,,,,,,,,,,,,,,,,,,,630,149,0,0.0,0.0,,Neutral
the Colorado River,0.0,,,,,,,,,,,,,,,,,,,,,,,,,,,,,,,,,944,36,0,0.0,0.0,,Neutral
the Court,0.0,,,,,,,,,,,,,,,,,,,,,,,,,,,,,,,,,978,28,0,0.0,0.0,,Neutral
the Creek,0.0,,,,,,,,,,,,,,,,,,,,,,,,,,,,,,,,,578,133,0,0.0,0.0,,Neutral
the Crow,0.0,,,,,,,,,,,,,,,,,,,,,,,,,,,,,,,,,36,49,1,1.0,0.0,,Neutral
the Dakota Access,0.0,,,,,,,,,,,,,,,,,,,,,,,,,,,,,,,,,551,96,0,0.0,0.0,,Neutral
the Earth,0.0,,,,,,,,,,,,,,,,,,,,,,,,,,,,,,,,,677,42,0,0.0,0.0,,Neutral
the House,0.0,,,,,,,,,,,,,,,,,,,,,,,,,,,,,,,,,838,105,0,0.0,0.0,,Neutral
the Indian,0.0,,,,,,,,,,,,,,,,,,,,,,,,,,,,,,,,,627,423,0,0.0,0.0,,Neutral
the Indian Child,0.0,,,,,,,,,,,,,,,,,,,,,,,,,,,,,,,,,37,38,1,1.0,0.0,,Neutral
the Indians,0.0,,,,,,,,,,,,,,,,,,,,,,,,,,,,,,,,,552,229,0,0.0,0.0,,Neutral
the Irish,0.0,,,,,,,,,,,,,,,,,,,,,,,,,,,,,,,,,935,63,0,0.0,0.0,,Neutral
the Iroquois,0.0,,,,,,,,,,,,,,,,,,,,,,,,,,,,,,,,,995,32,0,0.0,0.0,,Neutral
the Mashpee,0.0,,,,,,,,,,,,,,,,,,,,,,,,,,,,,,,,,38,76,1,1.0,0.0,,Neutral
the Mashpee Wampanoag,0.0,,,,,,,,,,,,,,,,,,,,,,,,,,,,,,,,,644,53,0,0.0,0.0,,Neutral
the Muscogee Creek,0.0,,,,,,,,,,,,,,,,,,,,,,,,,,,,,,,,,553,57,0,0.0,0.0,,Neutral
the NRC,0.0,,,,,,,,,,,,,,,,,,,,,,,,,,,,,,,,,928,19,0,0.0,0.0,,Neutral
the National,0.0,,,,,,,,,,,,,,,,,,,,,,,,,,,,,,,,,699,262,0,0.0,0.0,,Neutral
the Navajo,0.0,,,,,,,,,,,,,,,,,,,,,,,,,,,,,,,,,554,551,0,0.0,0.0,,Neutral
the Navajo Nation,0.0,,,,,,,,,,,,,,,,,,,,,,,,,,,,,,,,,555,366,0,0.0,0.0,,Neutral
the Ninth,0.0,,,,,,,,,,,,,,,,,,,,,,,,,,,,,,,,,746,51,0,0.0,0.0,,Neutral
the Ninth century,0.0,,,,,,,,,,,,,,,,,,,,,,,,,,,,,,,,,753,35,0,0.0,0.0,,Neutral
the Ojibwe,0.0,,,,,,,,,,,,,,,,,,,,,,,,,,,,,,,,,854,14,0,0.0,0.0,,Neutral
the Standing Rock,0.0,,,,,,,,,,,,,,,,,,,,,,,,,,,,,,,,,557,131,0,0.0,0.0,,Neutral
the Supreme Court,0.0,,,,,,,,,,,,,,,,,,,,,,,,,,,,,,,,,634,135,0,0.0,0.0,,Neutral
the Treasury Department,0.0,,,,,,,,,,,,,,,,,,,,,,,,,,,,,,,,,632,50,0,0.0,0.0,,Neutral
the Trump,0.0,,,,,,,,,,,,,,,,,,,,,,,,,,,,,,,,,884,205,0,0.0,0.0,,Neutral
the US,0.0,,,,,,,,,,,,,,,,,,,,,,,,,,,,,,,,,565,302,0,0.0,0.0,,Neutral
the Union,0.0,,,,,,,,,,,,,,,,,,,,,,,,,,,,,,,,,732,18,0,0.0,0.0,,Neutral
the United States,0.0,,,,,,,,,,,,,,,,,,,,,,,,,,,,,,,,,561,1080,0,0.0,0.0,,Neutral
the Wampanoag,0.0,,,,,,,,,,,,,,,,,,,,,,,,,,,,,,,,,988,35,0,0.0,0.0,,Neutral
the White,0.0,,,,,,,,,,,,,,,,,,,,,,,,,,,,,,,,,678,103,0,0.0,0.0,,Neutral
the White Earth,0.0,,,,,,,,,,,,,,,,,,,,,,,,,,,,,,,,,558,17,0,0.0,0.0,,Neutral
the Yanomami,0.0,,,,,,,,,,,,,,,,,,,,,,,,,,,,,,,,,559,29,0,0.0,0.0,,Neutral
the casino,0.0,,,,,,,,,,,,,,,,,,,,,,,,,,,,,,,,,601,92,0,0.0,0.0,,Neutral
the coronavirus,0.0,,,,,,,,,,,,,,,,,,,,,,,,,,,,,,,,,603,331,0,0.0,0.0,,Neutral
the court,0.0,,,,,,,,,,,,,,,,,,,,,,,,,,,,,,,,,749,116,0,0.0,0.0,,Neutral
the early,0.0,,,,,,,,,,,,,,,,,,,,,,,,,,,,,,,,,570,104,0,0.0,0.0,,Neutral
the early s,0.0,,,,,,,,,,,,,,,,,,,,,,,,,,,,,,,,,569,58,0,0.0,0.0,,Neutral
the federal,0.0,,,,,,,,,,,,,,,,,,,,,,,,,,,,,,,,,616,494,0,0.0,0.0,,Neutral
the federal government,0.0,,,,,,,,,,,,,,,,,,,,,,,,,,,,,,,,,756,343,0,0.0,0.0,,Neutral
the high,0.0,,,,,,,,,,,,,,,,,,,,,,,,,,,,,,,,,842,36,0,0.0,0.0,,Neutral
the investigation,0.0,,,,,,,,,,,,,,,,,,,,,,,,,,,,,,,,,712,17,0,0.0,0.0,,Neutral
the island,0.0,,,,,,,,,,,,,,,,,,,,,,,,,,,,,,,,,637,156,0,0.0,0.0,,Neutral
the land,0.0,,,,,,,,,,,,,,,,,,,,,,,,,,,,,,,,,613,424,0,0.0,0.0,,Neutral
the last,0.0,,,,,,,,,,,,,,,,,,,,,,,,,,,,,,,,,989,189,0,0.0,0.0,,Neutral
the law,0.0,,,,,,,,,,,,,,,,,,,,,,,,,,,,,,,,,920,174,0,0.0,0.0,,Neutral
the meaning of,0.0,,,,,,,,,,,,,,,,,,,,,,,,,,,,,,,,,950,9,0,0.0,0.0,,Neutral
the money,0.0,,,,,,,,,,,,,,,,,,,,,,,,,,,,,,,,,590,103,0,0.0,0.0,,Neutral
the monument,0.0,,,,,,,,,,,,,,,,,,,,,,,,,,,,,,,,,994,130,0,0.0,0.0,,Neutral
the murder,0.0,,,,,,,,,,,,,,,,,,,,,,,,,,,,,,,,,819,12,0,0.0,0.0,,Neutral
the name,0.0,,,,,,,,,,,,,,,,,,,,,,,,,,,,,,,,,640,171,0,0.0,0.0,,Neutral
the one,0.0,,,,,,,,,,,,,,,,,,,,,,,,,,,,,,,,,719,48,0,0.0,0.0,,Neutral
the pandemic,0.0,,,,,,,,,,,,,,,,,,,,,,,,,,,,,,,,,927,140,0,0.0,0.0,,Neutral
the past,0.0,,,,,,,,,,,,,,,,,,,,,,,,,,,,,,,,,830,232,0,0.0,0.0,,Neutral
the past years,0.0,,,,,,,,,,,,,,,,,,,,,,,,,,,,,,,,,651,23,0,0.0,0.0,,Neutral
the people,0.0,,,,,,,,,,,,,,,,,,,,,,,,,,,,,,,,,934,187,0,0.0,0.0,,Neutral
the pipeline,0.0,,,,,,,,,,,,,,,,,,,,,,,,,,,,,,,,,556,180,0,0.0,0.0,,Neutral
the pipelines,0.0,,,,,,,,,,,,,,,,,,,,,,,,,,,,,,,,,760,16,0,0.0,0.0,,Neutral
the project,0.0,,,,,,,,,,,,,,,,,,,,,,,,,,,,,,,,,646,97,0,0.0,0.0,,Neutral
the reservation,0.0,,,,,,,,,,,,,,,,,,,,,,,,,,,,,,,,,636,449,0,0.0,0.0,,Neutral
the river,0.0,,,,,,,,,,,,,,,,,,,,,,,,,,,,,,,,,885,91,0,0.0,0.0,,Neutral
the s,0.0,,,,,,,,,,,,,,,,,,,,,,,,,,,,,,,,,967,335,0,0.0,0.0,,Neutral
the school,0.0,,,,,,,,,,,,,,,,,,,,,,,,,,,,,,,,,566,71,0,0.0,0.0,,Neutral
the schools,0.0,,,,,,,,,,,,,,,,,,,,,,,,,,,,,,,,,562,27,0,0.0,0.0,,Neutral
the show,0.0,,,,,,,,,,,,,,,,,,,,,,,,,,,,,,,,,866,25,0,0.0,0.0,,Neutral
the stakes,0.0,,,,,,,,,,,,,,,,,,,,,,,,,,,,,,,,,933,8,0,0.0,0.0,,Neutral
the state,0.0,,,,,,,,,,,,,,,,,,,,,,,,,,,,,,,,,560,597,0,0.0,0.0,,Neutral
the state of,0.0,,,,,,,,,,,,,,,,,,,,,,,,,,,,,,,,,814,101,0,0.0,0.0,,Neutral
the time,0.0,,,,,,,,,,,,,,,,,,,,,,,,,,,,,,,,,594,241,0,0.0,0.0,,Neutral
the treaty,0.0,,,,,,,,,,,,,,,,,,,,,,,,,,,,,,,,,846,79,0,0.0,0.0,,Neutral
the tribal,0.0,,,,,,,,,,,,,,,,,,,,,,,,,,,,,,,,,959,156,0,0.0,0.0,,Neutral
the tribe,0.0,,,,,,,,,,,,,,,,,,,,,,,,,,,,,,,,,567,625,0,0.0,0.0,,Neutral
the tribes,0.0,,,,,,,,,,,,,,,,,,,,,,,,,,,,,,,,,612,611,0,0.0,0.0,,Neutral
the virus,0.0,,,,,,,,,,,,,,,,,,,,,,,,,,,,,,,,,986,163,0,0.0,0.0,,Neutral
the word,0.0,,,,,,,,,,,,,,,,,,,,,,,,,,,,,,,,,579,63,0,0.0,0.0,,Neutral
them the,0.0,,,,,,,,,,,,,,,,,,,,,,,,,,,,,,,,,731,28,0,0.0,0.0,,Neutral
themed,0.0,,,,,,,,,,,,,,,,,,,,,,,,,,,,,,,,,165,15,0,0.0,0.0,,Neutral
there are,0.0,,,,,,,,,,,,,,,,,,,,,,,,,,,,,,,,,848,235,0,0.0,0.0,,Neutral
they can,0.0,,,,,,,,,,,,,,,,,,,,,,,,,,,,,,,,,835,109,0,0.0,0.0,,Neutral
they didnt,0.0,,,,,,,,,,,,,,,,,,,,,,,,,,,,,,,,,730,37,0,0.0,0.0,,Neutral
things,0.0,,,,,,,,,,,,,,,,,,,,,,,,,,,,,,,,,326,347,0,0.0,0.0,,Neutral
think,0.0,,,,,,,,,,,,,,,,,,,,,,,,,,,,,,,,,183,573,0,0.0,0.0,,Neutral
thus,0.0,,,,,,,,,,,,,,,,,,,,,,,,,,,,,,,,,294,37,0,0.0,0.0,,Neutral
time,0.0,,,,,,,,,,,,,,,,,,,,,,,,,,,,,,,,,439,1128,0,0.0,0.0,,Neutral
to Oklahoma,0.0,,,,,,,,,,,,,,,,,,,,,,,,,,,,,,,,,671,39,0,0.0,0.0,,Neutral
to a,0.0,,,,,,,,,,,,,,,,,,,,,,,,,,,,,,,,,615,642,0,0.0,0.0,,Neutral
to an,0.0,,,,,,,,,,,,,,,,,,,,,,,,,,,,,,,,,563,131,0,0.0,0.0,,Neutral
to any,0.0,,,,,,,,,,,,,,,,,,,,,,,,,,,,,,,,,880,55,0,0.0,0.0,,Neutral
to be,0.0,,,,,,,,,,,,,,,,,,,,,,,,,,,,,,,,,618,1288,0,0.0,0.0,,Neutral
to be part,0.0,,,,,,,,,,,,,,,,,,,,,,,,,,,,,,,,,878,9,0,0.0,0.0,,Neutral
to gain,0.0,,,,,,,,,,,,,,,,,,,,,,,,,,,,,,,,,767,19,0,0.0,0.0,,Neutral
to help,0.0,,,,,,,,,,,,,,,,,,,,,,,,,,,,,,,,,958,236,0,0.0,0.0,,Neutral
to nearly,0.0,,,,,,,,,,,,,,,,,,,,,,,,,,,,,,,,,947,7,0,0.0,0.0,,Neutral
to oppose,0.0,,,,,,,,,,,,,,,,,,,,,,,,,,,,,,,,,806,22,0,0.0,0.0,,Neutral
to oppose the,0.0,,,,,,,,,,,,,,,,,,,,,,,,,,,,,,,,,836,10,0,0.0,0.0,,Neutral
to present,0.0,,,,,,,,,,,,,,,,,,,,,,,,,,,,,,,,,710,17,0,0.0,0.0,,Neutral
to step,0.0,,,,,,,,,,,,,,,,,,,,,,,,,,,,,,,,,774,27,0,0.0,0.0,,Neutral
to stop,0.0,,,,,,,,,,,,,,,,,,,,,,,,,,,,,,,,,837,146,0,0.0,0.0,,Neutral
to stop the,0.0,,,,,,,,,,,,,,,,,,,,,,,,,,,,,,,,,752,49,0,0.0,0.0,,Neutral
to the,0.0,,,,,,,,,,,,,,,,,,,,,,,,,,,,,,,,,614,3229,0,0.0,0.0,,Neutral
to the Cherokee,0.0,,,,,,,,,,,,,,,,,,,,,,,,,,,,,,,,,984,32,0,0.0,0.0,,Neutral
to the National,0.0,,,,,,,,,,,,,,,,,,,,,,,,,,,,,,,,,993,37,0,0.0,0.0,,Neutral
to the Supreme,0.0,,,,,,,,,,,,,,,,,,,,,,,,,,,,,,,,,834,21,0,0.0,0.0,,Neutral
to the people,0.0,,,,,,,,,,,,,,,,,,,,,,,,,,,,,,,,,803,16,0,0.0,0.0,,Neutral
to vote,0.0,,,,,,,,,,,,,,,,,,,,,,,,,,,,,,,,,676,164,0,0.0,0.0,,Neutral
today,0.0,,,,,,,,,,,,,,,,,,,,,,,,,,,,,,,,,343,373,0,0.0,0.0,,Neutral
traditional,0.0,,,,,,,,,,,,,,,,,,,,,,,,,,,,,,,,,405,279,0,0.0,0.0,,Neutral
treaties,0.0,,,,,,,,,,,,,,,,,,,,,,,,,,,,,,,,,133,237,1,0.0,0.0,,Neutral
treaty,403.0,8.0,7.0,3.0,7.0,0.0,0.0,0.0,7.0,12.0,25.0,23.0,20.0,34.0,0.0,15.0,1.0,2.0,23.0,3.0,36.0,37.0,4.0,24.0,1.0,8.0,3.0,20.0,3.0,14.0,21.0,42.0,0.0,18,403,1,1.0,1.0,-209.0,Left
tribal,0.0,,,,,,,,,,,,,,,,,,,,,,,,,,,,,,,,,119,2550,1,0.0,0.0,,Neutral
tribal affiliation,0.0,,,,,,,,,,,,,,,,,,,,,,,,,,,,,,,,,298,21,0,0.0,0.0,,Neutral
tribal governments,188.0,2.0,10.0,3.0,0.0,11.0,31.0,0.0,6.0,5.0,6.0,0.0,1.0,7.0,0.0,1.0,0.0,0.0,8.0,1.0,0.0,14.0,15.0,6.0,7.0,4.0,3.0,12.0,0.0,5.0,15.0,15.0,0.0,19,188,1,1.0,1.0,-89.0,Left
tribal leaders,201.0,5.0,2.0,4.0,0.0,6.0,2.0,7.0,5.0,3.0,5.0,1.0,6.0,7.0,5.0,0.0,0.0,10.0,14.0,18.0,3.0,5.0,11.0,10.0,7.0,12.0,0.0,5.0,2.0,16.0,2.0,27.0,1.0,20,201,1,1.0,1.0,-65.0,Left
tribe,0.0,,,,,,,,,,,,,,,,,,,,,,,,,,,,,,,,,111,1814,1,1.0,0.0,,Neutral
tribe member,0.0,,,,,,,,,,,,,,,,,,,,,,,,,,,,,,,,,293,23,0,0.0,0.0,,Neutral
tribe that,0.0,,,,,,,,,,,,,,,,,,,,,,,,,,,,,,,,,800,46,0,0.0,0.0,,Neutral
tribes,0.0,,,,,,,,,,,,,,,,,,,,,,,,,,,,,,,,,118,2645,1,0.0,0.0,,Neutral
tribesman,0.0,,,,,,,,,,,,,,,,,,,,,,,,,,,,,,,,,474,15,0,0.0,0.0,,Neutral
tribesmen,0.0,,,,,,,,,,,,,,,,,,,,,,,,,,,,,,,,,494,36,0,0.0,0.0,,Neutral
tried in,0.0,,,,,,,,,,,,,,,,,,,,,,,,,,,,,,,,,707,19,0,0.0,0.0,,Neutral
tried in federal,0.0,,,,,,,,,,,,,,,,,,,,,,,,,,,,,,,,,855,10,0,0.0,0.0,,Neutral
trust,0.0,,,,,,,,,,,,,,,,,,,,,,,,,,,,,,,,,182,211,0,0.0,0.0,,Neutral
two,0.0,,,,,,,,,,,,,,,,,,,,,,,,,,,,,,,,,167,944,0,0.0,0.0,,Neutral
unclear,0.0,,,,,,,,,,,,,,,,,,,,,,,,,,,,,,,,,281,45,0,0.0,0.0,,Neutral
up for,0.0,,,,,,,,,,,,,,,,,,,,,,,,,,,,,,,,,841,117,0,0.0,0.0,,Neutral
up for the,0.0,,,,,,,,,,,,,,,,,,,,,,,,,,,,,,,,,811,18,0,0.0,0.0,,Neutral
upset,0.0,,,,,,,,,,,,,,,,,,,,,,,,,,,,,,,,,58,34,1,1.0,0.0,,Neutral
uranium,0.0,,,,,,,,,,,,,,,,,,,,,,,,,,,,,,,,,60,75,1,1.0,0.0,,Neutral
used,0.0,,,,,,,,,,,,,,,,,,,,,,,,,,,,,,,,,532,466,0,0.0,0.0,,Neutral
violence,324.0,12.0,4.0,0.0,3.0,2.0,3.0,16.0,8.0,22.0,16.0,12.0,5.0,14.0,3.0,3.0,12.0,1.0,33.0,1.0,24.0,32.0,17.0,10.0,14.0,5.0,0.0,6.0,4.0,17.0,7.0,18.0,0.0,21,324,1,1.0,1.0,-136.0,Left
vote,0.0,,,,,,,,,,,,,,,,,,,,,,,,,,,,,,,,,57,367,1,1.0,0.0,,Neutral
voter,0.0,,,,,,,,,,,,,,,,,,,,,,,,,,,,,,,,,178,161,0,0.0,0.0,,Neutral
voters,0.0,,,,,,,,,,,,,,,,,,,,,,,,,,,,,,,,,201,197,0,0.0,0.0,,Neutral
voting,0.0,,,,,,,,,,,,,,,,,,,,,,,,,,,,,,,,,173,197,0,0.0,0.0,,Neutral
wall,0.0,,,,,,,,,,,,,,,,,,,,,,,,,,,,,,,,,228,181,0,0.0,0.0,,Neutral
want,0.0,,,,,,,,,,,,,,,,,,,,,,,,,,,,,,,,,348,586,0,0.0,0.0,,Neutral
want to,0.0,,,,,,,,,,,,,,,,,,,,,,,,,,,,,,,,,987,397,0,0.0,0.0,,Neutral
was a,0.0,,,,,,,,,,,,,,,,,,,,,,,,,,,,,,,,,969,464,0,0.0,0.0,,Neutral
was not,0.0,,,,,,,,,,,,,,,,,,,,,,,,,,,,,,,,,975,169,0,0.0,0.0,,Neutral
water,0.0,,,,,,,,,,,,,,,,,,,,,,,,,,,,,,,,,112,876,1,1.0,0.0,,Neutral
way,0.0,,,,,,,,,,,,,,,,,,,,,,,,,,,,,,,,,227,814,0,0.0,0.0,,Neutral
way to,0.0,,,,,,,,,,,,,,,,,,,,,,,,,,,,,,,,,798,151,0,0.0,0.0,,Neutral
wearing,0.0,,,,,,,,,,,,,,,,,,,,,,,,,,,,,,,,,213,88,0,0.0,0.0,,Neutral
week,0.0,,,,,,,,,,,,,,,,,,,,,,,,,,,,,,,,,316,385,0,0.0,0.0,,Neutral
weeks,0.0,,,,,,,,,,,,,,,,,,,,,,,,,,,,,,,,,466,191,0,0.0,0.0,,Neutral
well,0.0,,,,,,,,,,,,,,,,,,,,,,,,,,,,,,,,,502,697,0,0.0,0.0,,Neutral
were a,0.0,,,,,,,,,,,,,,,,,,,,,,,,,,,,,,,,,576,61,0,0.0,0.0,,Neutral
were also,0.0,,,,,,,,,,,,,,,,,,,,,,,,,,,,,,,,,583,35,0,0.0,0.0,,Neutral
were being,0.0,,,,,,,,,,,,,,,,,,,,,,,,,,,,,,,,,588,23,0,0.0,0.0,,Neutral
were far,0.0,,,,,,,,,,,,,,,,,,,,,,,,,,,,,,,,,925,7,0,0.0,0.0,,Neutral
west,0.0,,,,,,,,,,,,,,,,,,,,,,,,,,,,,,,,,525,128,0,0.0,0.0,,Neutral
westward,0.0,,,,,,,,,,,,,,,,,,,,,,,,,,,,,,,,,350,16,0,0.0,0.0,,Neutral
westward expansion,9.0,1.0,0.0,0.0,1.0,0.0,0.0,0.0,0.0,1.0,0.0,0.0,0.0,0.0,0.0,0.0,0.0,1.0,1.0,0.0,0.0,0.0,1.0,0.0,0.0,0.0,0.0,0.0,0.0,1.0,1.0,0.0,1.0,31,9,1,1.0,1.0,-2.0,Left
when Oklahoma,0.0,,,,,,,,,,,,,,,,,,,,,,,,,,,,,,,,,946,7,0,0.0,0.0,,Neutral
whether,0.0,,,,,,,,,,,,,,,,,,,,,,,,,,,,,,,,,163,299,0,0.0,0.0,,Neutral
whether a,0.0,,,,,,,,,,,,,,,,,,,,,,,,,,,,,,,,,930,13,0,0.0,0.0,,Neutral
whether the,0.0,,,,,,,,,,,,,,,,,,,,,,,,,,,,,,,,,788,62,0,0.0,0.0,,Neutral
which is,0.0,,,,,,,,,,,,,,,,,,,,,,,,,,,,,,,,,980,218,0,0.0,0.0,,Neutral
which is now,0.0,,,,,,,,,,,,,,,,,,,,,,,,,,,,,,,,,952,7,0,0.0,0.0,,Neutral
white,0.0,,,,,,,,,,,,,,,,,,,,,,,,,,,,,,,,,170,721,0,0.0,0.0,,Neutral
white man,0.0,,,,,,,,,,,,,,,,,,,,,,,,,,,,,,,,,397,22,0,0.0,0.0,,Neutral
who lives,0.0,,,,,,,,,,,,,,,,,,,,,,,,,,,,,,,,,684,35,0,0.0,0.0,,Neutral
whose,0.0,,,,,,,,,,,,,,,,,,,,,,,,,,,,,,,,,515,307,0,0.0,0.0,,Neutral
will be,0.0,,,,,,,,,,,,,,,,,,,,,,,,,,,,,,,,,960,448,0,0.0,0.0,,Neutral
with the,0.0,,,,,,,,,,,,,,,,,,,,,,,,,,,,,,,,,638,1383,0,0.0,0.0,,Neutral
with the Creek,0.0,,,,,,,,,,,,,,,,,,,,,,,,,,,,,,,,,858,10,0,0.0,0.0,,Neutral
within,0.0,,,,,,,,,,,,,,,,,,,,,,,,,,,,,,,,,243,415,0,0.0,0.0,,Neutral
without,0.0,,,,,,,,,,,,,,,,,,,,,,,,,,,,,,,,,424,382,0,0.0,0.0,,Neutral
without any,0.0,,,,,,,,,,,,,,,,,,,,,,,,,,,,,,,,,781,17,0,0.0,0.0,,Neutral
woman,0.0,,,,,,,,,,,,,,,,,,,,,,,,,,,,,,,,,225,226,0,0.0,0.0,,Neutral
woman in,0.0,,,,,,,,,,,,,,,,,,,,,,,,,,,,,,,,,709,19,0,0.0,0.0,,Neutral
women,0.0,,,,,,,,,,,,,,,,,,,,,,,,,,,,,,,,,48,611,1,1.0,0.0,,Neutral
women and,0.0,,,,,,,,,,,,,,,,,,,,,,,,,,,,,,,,,666,141,0,0.0,0.0,,Neutral
wonder,0.0,,,,,,,,,,,,,,,,,,,,,,,,,,,,,,,,,254,32,0,0.0,0.0,,Neutral
word,0.0,,,,,,,,,,,,,,,,,,,,,,,,,,,,,,,,,45,150,1,1.0,0.0,,Neutral
word for,0.0,,,,,,,,,,,,,,,,,,,,,,,,,,,,,,,,,828,12,0,0.0,0.0,,Neutral
words,0.0,,,,,,,,,,,,,,,,,,,,,,,,,,,,,,,,,415,138,0,0.0,0.0,,Neutral
world,0.0,,,,,,,,,,,,,,,,,,,,,,,,,,,,,,,,,238,436,0,0.0,0.0,,Neutral
worry,0.0,,,,,,,,,,,,,,,,,,,,,,,,,,,,,,,,,223,42,0,0.0,0.0,,Neutral
would be,0.0,,,,,,,,,,,,,,,,,,,,,,,,,,,,,,,,,973,400,0,0.0,0.0,,Neutral
would have,0.0,,,,,,,,,,,,,,,,,,,,,,,,,,,,,,,,,983,195,0,0.0,0.0,,Neutral
wrong,0.0,,,,,,,,,,,,,,,,,,,,,,,,,,,,,,,,,149,130,0,0.0,0.0,,Neutral
year,0.0,,,,,,,,,,,,,,,,,,,,,,,,,,,,,,,,,179,931,0,0.0,0.0,,Neutral
years,0.0,,,,,,,,,,,,,,,,,,,,,,,,,,,,,,,,,417,1374,0,0.0,0.0,,Neutral
you know,0.0,,,,,,,,,,,,,,,,,,,,,,,,,,,,,,,,,659,142,0,0.0,0.0,,Neutral
your inbox,0.0,,,,,,,,,,,,,,,,,,,,,,,,,,,,,,,,,888,69,0,0.0,0.0,,Neutral
your voice,0.0,,,,,,,,,,,,,,,,,,,,,,,,,,,,,,,,,961,17,0,0.0,0.0,,Neutral
